ModelloColore;Style Image URL_1
Olap (1168);https://cdn.jooraccess.com/img/uploads/accounts/598756/images/ynGKN9IHR7KZkKRYYDtgyg_1991141854696f42e6826470_95751980_02820640XX1.jpg
Latteria      A (2417);https://cdn.jooraccess.com/img/uploads/accounts/598756/images/3Mx2ef25TdugVXg2-i0IIg_1643286833696f42dfd5b5f6_19897444_02820400XX1.jpg
Latteria      A (1005);https://cdn.jooraccess.com/img/uploads/accounts/598756/images/w6zktmV2RaKBA33RIkfKZA_988814576696f4237c7d779_89171727_02820370XX1.jpg
Latteria      A (0994);https://cdn.jooraccess.com/img/uploads/accounts/598756/images/j__M1_8VRfWTU6KNBj3dfw_1833518067696f42375a3cc3_36777422_02820360XX1.jpg
Odini (1789);https://cdn.jooraccess.com/img/uploads/accounts/598756/images/pLfifpMXRCmVcSHvIaEzMg_905103448696f42e421e330_54955005_02820590XX1.jpg
Salve         A (1789);https://cdn.jooraccess.com/img/uploads/accounts/598756/images/vxWux3ofS5SFEVbTaGH9Cg_99445790696f42f07c9277_19680844_02820850XX1.jpg
Serenella (2527);https://cdn.jooraccess.com/img/uploads/accounts/598756/images/A3abRVUzTIC2qwZhUoAVDA_1978587936696f42f5250e37_36989507_02820970XX1.jpg
Maggiolone (0325);https://cdn.jooraccess.com/img/uploads/accounts/598756/images/1RZ6w9NkRu6CB3jEFuMqyw_1022194540696f43618ba9a5_38551177_02830460XX1.jpg
Micologia (0101 2234);https://cdn.jooraccess.com/img/uploads/accounts/598756/images/ema_wbDiQ1a0Lj1RymcvnQ_1735110920696f436bcfc079_62732838_02830810XX1.jpg
Minia (0101 2234);https://cdn.jooraccess.com/img/uploads/accounts/598756/images/2DArnQrxTg-oql1-E0SPpg_1318458338696f436d73ee42_37110795_02830840XX1.jpg
Minuccio      A (2544);https://cdn.jooraccess.com/img/uploads/accounts/598756/images/NVoUDC5hSh-_ll973FicDA_1836626867696f4307470cc7_02681906_02821420XX1.jpg
Scalare (0101);https://cdn.jooraccess.com/img/uploads/accounts/598756/images/obH9FrFkRoq3xbxDWF6Fsg_1888970026696f42f15a20d0_57909911_02820870XX1.jpg
Scansione (0961);https://cdn.jooraccess.com/img/uploads/accounts/598756/images/WDu1Ie_2TLCfXS6sapBREA_929555794696f42f1be1be1_27317241_02820880XX1.jpg
Riflettere    L (1227 1227);https://cdn.jooraccess.com/img/uploads/accounts/598756/images/image (1024).png
Latteria      A (2290);https://cdn.jooraccess.com/img/uploads/accounts/598756/images/OxP-8zSLRqGg62DhCYQfDw_394817131696f423836da77_32008806_02820390XX1.jpg
Soppalco (2527);https://cdn.jooraccess.com/img/uploads/accounts/598756/images/2i2GBk47RL6GrMFNPl1PTg_1186966606696f4302304405_16840992_02821270XX1.jpg
Niccioleta (0101 0002);https://cdn.jooraccess.com/img/uploads/accounts/598756/images/9250d22d-835d-4da7-9154-b6aac463973a-removebg-preview.png
Niccioleta (0906 0002);https://cdn.jooraccess.com/img/uploads/accounts/598756/images/86ca6bd1-c593-405a-8664-9e414cd60257-removebg-preview.png
Niccioleta (0568 0002);https://cdn.jooraccess.com/img/uploads/accounts/598756/images/066d677c-c884-4db4-9ded-f568c520c9da-removebg-preview.png
Norrisia (1639 0001 0002);https://www.luisaspagnoli.com/dw/image/v2/BFPQ_PRD/on/demandware.static/-/Sites-master-catalog/default/dw0d719d54/images/large/9961602846a20004b4ea611_27991349_02871140XX1.jpg?sw=500
Norrisia (2003 0001 0002);https://cdn.jooraccess.com/img/uploads/accounts/598756/images/AOySRGZUSoun0d6YBUW0NA_618347052691c57df90eaa3_39293022_02800270XX1.jpg
Notabili (2003 0001 0002);https://cdn.jooraccess.com/img/uploads/accounts/598756/images/5e495676-4dc4-4958-88c6-5bee6e785f5b-removebg-preview.png
Nuttidi (2001 0101);https://www.luisaspagnoli.com/it/it/543673_200101010000_nuttidi.html
Odini (2527);https://cdn.jooraccess.com/img/uploads/accounts/598756/images/yLie7KkdTOiiId5CrV5e2Q_857147775696f43030a14f5_50093958_02821290XX1.jpg
Rabarbaro (3452);https://cdn.jooraccess.com/img/uploads/accounts/598756/images/image (1033).png
Rivolo (3295);https://cdn.jooraccess.com/img/uploads/accounts/598756/images/b4b9fa4d-aa65-43d6-9097-a5cea3e38070-removebg-preview.png
Ulisside (2240 0038);https://cdn.jooraccess.com/img/uploads/accounts/598756/images/KXcd3RQpRempSSjJYb6_JA_362957278696f4225f41342_14448703_02801260XX1.jpg
Uramaky (0990);https://cdn.jooraccess.com/img/uploads/accounts/598756/images/Uramaky nero.PNG
Urbana (0981);https://cdn.jooraccess.com/img/uploads/accounts/598756/images/7BoHBVbqTtCtxociDR_4dQ_2049283379696f42280ae740_09477040_02801350XX1.jpg
Ustica        A (2240);https://cdn.jooraccess.com/img/uploads/accounts/598756/images/-kY3Y2KLSViF2xufxBbpgA_1050821030696f42287e3c47_60877874_02801390XX1.jpg
Lezioni (2446);https://cdn.jooraccess.com/img/uploads/accounts/598756/images/LEZIONI_224600000000 (1).jpg
Latteria      A (1110);https://cdn.jooraccess.com/img/uploads/accounts/598756/images/vm-kK9HbRYGNhnOkzPdMdg_1277795968696f43060e3c70_91483708_02821380XX1.jpg
Minuccio      A (0846);https://cdn.jooraccess.com/img/uploads/accounts/598756/images/Minuccio modello (1).PNG
Olap (0214);https://cdn.jooraccess.com/img/uploads/accounts/598756/images/YfLJIN9OTCCGsGAaoXfqug_610004726696f4308184709_09444034_02821440XX1.jpg
Dindi         B (2203 0002);https://cdn.jooraccess.com/img/uploads/accounts/598756/images/ibis colore.PNG
Niccioleta (1594 0002);https://cdn.jooraccess.com/img/uploads/accounts/598756/images/74de1b7d-aa84-4a13-a749-2bb2c1b29163-removebg-preview.png
Logge         B (1221);https://cdn.jooraccess.com/img/uploads/accounts/598756/images/logge blu.PNG
Riflettere    L (0966 0966);https://www.luisaspagnoli.com/dw/image/v2/BFPQ_PRD/on/demandware.static/-/Sites-master-catalog/default/dw608112c1/images/large/7155435706a201c254b6655_91298773_02871390XX1.jpg?sw=500
Riflettere    L (0101 0101);https://cdn.jooraccess.com/img/uploads/accounts/598756/images/RIFLETTEREJ_10101010000.jpg
Capire (2452);https://cdn.jooraccess.com/img/uploads/accounts/598756/images/tpx4YIVOQIiHt8_Igw7clQ_966025813696f430ca6aa01_65494584_02830020XX1.jpg
Capire (0829);https://cdn.jooraccess.com/img/uploads/accounts/598756/images/eb047c27-acac-4b5a-a97c-f54ad6d9fd9d.jpg
Capire (0101);https://cdn.jooraccess.com/img/uploads/accounts/598756/images/7gE-VLFDQvq9vexaNQ3bxw_2132901143696f430c387c93_50366657_02830010XX1.jpg
Caprese       B (2331);https://cdn.jooraccess.com/img/uploads/accounts/598756/images/q-dcDsRCTh-irYmaGwi0fg_1660235822696f430d81f0d5_01266196_02830040XX1.jpg
Caprese       B (0101);https://cdn.jooraccess.com/img/uploads/accounts/598756/images/2sl41gfjQaK9ETlHxdmwRg_220518545696f430d1b6002_25349365_02830030XX1.jpg
Caprese       B (0202);https://cdn.jooraccess.com/img/uploads/accounts/598756/images/MANOSF_20400000000.jpg
Caserta (2544);https://cdn.jooraccess.com/img/uploads/accounts/598756/images/W1aXfSOzQDSO-GRNfAbOfw_373832204696f43567b5bc8_49607223_02830060XX1.jpg
Caserta (0856);https://cdn.jooraccess.com/img/uploads/accounts/598756/images/bX-dAybdTxKK_QxHTqy-FQ_1848300653696f430e286d40_01104931_02830050XX2.jpg
Cassina (1251);https://www.luisaspagnoli.com/dw/image/v2/BFPQ_PRD/on/demandware.static/-/Sites-master-catalog/default/dw215431cb/images/large/16688816366a1ff86c972d12_38462165_02840140XX11.jpg?sw=500
Cassina (0506);https://cdn.jooraccess.com/img/uploads/accounts/598756/images/Uc1CyVvMRxq35iiNrN6cig_638464507696f437093a2c8_38813856_02831000XX1.jpg
Cassina (1802);https://cdn.jooraccess.com/img/uploads/accounts/598756/images/FvNEyO1hTF2ukTdVI6WIyA_1912334563696f43716d5de8_92507245_02831020XX1.jpg
Cetello (0637);https://cdn.jooraccess.com/img/uploads/accounts/598756/images/ippR9KCMQ_GOpzZe1V_CHA_2090121335696f4357bc02b2_65815731_02830110XX1.jpg
Cinguettio (1251);https://cdn.jooraccess.com/img/uploads/accounts/598756/images/eJHu-sI1Q8OS92vLFM1qJg_1816500344696f4358cfc0e6_72397790_02830140XX1.jpg
Cinguettio (0835);https://cdn.jooraccess.com/img/uploads/accounts/598756/images/nFFz4HPvRuyIO8rYkcmQxA_164523697696f435861d906_09889662_02830130XX1.jpg
Cinguettio (1726);https://cdn.jooraccess.com/img/uploads/accounts/598756/images/OoQX1NUFQ3GROS6Sue6f-A_711887232696f4359482488_46795419_02830150XX1.jpg
Cips (1161);https://cdn.jooraccess.com/img/uploads/accounts/598756/images/n9YQHX-WRFK_XqIYbVmWuA_1927036083696f4372bb92b0_86901760_02831050XX1.jpg
Cips (0838);https://cdn.jooraccess.com/img/uploads/accounts/598756/images/L3LH0y22TvKUJ1-PXhhWGg_921510504696f4359b2b916_48995210_02830160XX1.jpg
Cips (0328);https://cdn.jooraccess.com/img/uploads/accounts/598756/images/MbeL4xnySfS_ovyysI_vjA_56409257696f4371d37826_90343541_02831030XX1.jpg
Cirillo (1111);https://cdn.jooraccess.com/img/uploads/accounts/598756/images/V4PwhiraQcmzaF8uZFBdAg_1621175979696f435a26d2f6_89162056_02830170XX1.jpg
Cirillo (2453);https://cdn.jooraccess.com/img/uploads/accounts/598756/images/GZM4AgwUTcGIE6gIgDQ4Bg_746214061696f435a87aea9_84750972_02830180XX1.jpg
Costanzo (1111);https://cdn.jooraccess.com/img/uploads/accounts/598756/images/nYRKsT7_QPCEFsCDij_7UA_2042203972696f435aed6179_50606973_02830260XX1.jpg
Costanzo (2453);https://cdn.jooraccess.com/img/uploads/accounts/598756/images/b9397548-e72b-429f-88d3-6accdfb80a77.jpg
Cremina (2331 2219);https://cdn.jooraccess.com/img/uploads/accounts/598756/images/BDt_ZIILRNmGizWnsP5YxA_412933266696f435c3f9cf4_66565473_02830290XX1.jpg
Cremina (0101 0101);https://cdn.jooraccess.com/img/uploads/accounts/598756/images/968GUVoMR7eNk2H7UQeWPg_345108726696f435bd28378_65218503_02830280XX1.jpg
Cremona (3421);https://cdn.jooraccess.com/img/uploads/accounts/598756/images/Yyz2fwI3TfaYHxif56HoIw_1683337760696f4379690928_47645276_02831270XX1.jpg
Cremona (3349);https://cdn.jooraccess.com/img/uploads/accounts/598756/images/eDNHV1c0RjWSZGmKSRYFrg_608445424696f436c3f19c0_12821392_02830820XX1.jpg
Cromatura (0835);https://cdn.jooraccess.com/img/uploads/accounts/598756/images/g6CbitMFTEGqcztLAAoCYw_1947595878696f435d144b56_98907042_02830310XX1.jpg
Cromatura (0925);https://cdn.jooraccess.com/img/uploads/accounts/598756/images/CWJAV8NtTQeJbEBWQXaI5g_1702266686696f435d8145b1_95674973_02830320XX1.jpg
Cromatura (0101);https://cdn.jooraccess.com/img/uploads/accounts/598756/images/eJDkQdgCTGixlBRtionODg_96474958696f435ca08749_38659589_02830300XX1.jpg
Cufra (0101 2302);https://cdn.jooraccess.com/img/uploads/accounts/598756/images/dcF6HOVdQ7iqWehI_upkTg_1751198497696f435dea6910_55225797_02830330XX1.jpg
Cufra (1105 2302);https://cdn.jooraccess.com/img/uploads/accounts/598756/images/VpGJSiTCR6KovTVV5ZpWMA_2113102145696f435e76c3d1_04142034_02830340XX1.jpg
Damiana (0968 0002);https://cdn.jooraccess.com/img/uploads/accounts/598756/images/NDDXZlsZRQ-5m0qisclEew_1647479317696f420deafbd7_64681520_02800420XX1.jpg
Damiana (0101 0002);https://cdn.jooraccess.com/img/uploads/accounts/598756/images/XkJU4saiTOKrQW4-ebp-KQ_417074898696f420c3fdff2_82132830_02800400XX1.jpg
Damiera (0101 0002);https://cdn.jooraccess.com/img/uploads/accounts/598756/images/iuEnEoCARWWf9yOqv1LK8g_680715967696f4210807fb9_92361746_02800450XX1.jpg
Damiera (2209 0002);https://cdn.jooraccess.com/img/uploads/accounts/598756/images/jGKMA86_TiSwQ5CNcLElag_102451197696f420ec978f0_98197160_02800430XX1.jpg
Decalco (0920 0002);https://cdn.jooraccess.com/img/uploads/accounts/598756/images/0Cm0xdBISdqRUMvJc60YLw_874780102696f4216bd03f2_72297559_02800520XX2.jpg
Decalco (0101 0002);https://cdn.jooraccess.com/img/uploads/accounts/598756/images/wPnI00v6QjudMWnpK1Cwrg_1175182247696f4215e8b3b0_16251169_02800510XX1.jpg
Decibel (0946 0038);https://cdn.jooraccess.com/img/uploads/accounts/598756/images/decibel.PNG
Discordia (0002 0069);https://cdn.jooraccess.com/img/uploads/accounts/598756/images/discordia.PNG
Faggi (3331);https://cdn.jooraccess.com/img/uploads/accounts/598756/images/rIMa5PphT0eVb-Z68ByGdQ_1038132126696f4302972469_22145110_02821280XX1.jpg
Fattura       B (2344);https://cdn.jooraccess.com/img/uploads/accounts/598756/images/npwuJO7hRQuzf6ozTsXGMg_739106457696f4303d8f447_76122020_02821310XX1.jpg
Fattura       B (0809);https://cdn.jooraccess.com/img/uploads/accounts/598756/images/ba0btBLgStO6Pd88Oq5xKA_1456819530696f4303741303_85497843_02821300XX1.jpg
Faustin (0101);https://cdn.jooraccess.com/img/uploads/accounts/598756/images/dGH9ZaVFQbyTxVct5sWatA_1894557478696f422c166df5_93606032_02820020XX1.jpg
Felis (3417);https://cdn.jooraccess.com/img/uploads/accounts/598756/images/b1f20d8b-e87b-4fbc-9079-4eee44769e32.jpg
Ferriera (0813);https://cdn.jooraccess.com/img/uploads/accounts/598756/images/egax8JISQYK6_qkM5jsxng_821559414696f4304481fb1_06686794_02821320XX1.jpg
Fidente (0996);https://cdn.jooraccess.com/img/uploads/accounts/598756/images/8yyxLDhfQoGPfXSuzRNYIA_109176338691c57c742f5e1_48030380_02780360XX1.jpg
Fioccoso (0101);https://cdn.jooraccess.com/img/uploads/accounts/598756/images/KxRGDwRvTk24DawVdw5T1Q_1520826165696f4304b04253_30756560_02821330XX1.jpg
Fioraliso (0101);https://cdn.jooraccess.com/img/uploads/accounts/598756/images/TEQEWHqdRdSxiIlIYz0GbA_1478818389696f43051ee606_09789905_02821340XX1.jpg
Fiorini (3285);https://cdn.jooraccess.com/img/uploads/accounts/598756/images/c01AhjtXSNOtuG6Rn4xl6Q_559814420696f43057ff552_22795035_02821350XX1.jpg
Fondazione (0101 0101 0101);https://cdn.jooraccess.com/img/uploads/accounts/598756/images/fondazione nero.PNG
Fragolino (3274);https://cdn.jooraccess.com/img/uploads/accounts/598756/images/7yuoR1bWTgyth5POk6xtow_2013389323696f422d086a32_26895525_02820060XX1.jpg
Franchezza (2435);https://www.luisaspagnoli.com/it/it/543584_243500000000_franchezza.html
Franchezza (0863);https://cdn.jooraccess.com/img/uploads/accounts/598756/images/franchezza grigio melange.PNG
Frazione (3331);https://cdn.jooraccess.com/img/uploads/accounts/598756/images/image-removebg-preview (43).png
Frazione (3404);https://cdn.jooraccess.com/img/uploads/accounts/598756/images/Tku_9qrwQfeWKiFEyBWMzg_1163675978696f422de2e643_18151331_02820090XX1.jpg
Fumaiolo (3417);https://cdn.jooraccess.com/img/uploads/accounts/598756/images/wwFiw_oWT2q_GVyGFGdBTA_2101252950696f422e559462_75140582_02820100XX1.jpg
Galalite (0002);https://cdn.jooraccess.com/img/uploads/accounts/598756/images/GALALITE_0 (1).jpg
Gallerie (3404);https://cdn.jooraccess.com/img/uploads/accounts/598756/images/Nhigv8TeTU2FMKqZDoiS_A_1556361996696f422f85cb57_80664217_02820120XX1.jpg
Gardana (0101);https://cdn.jooraccess.com/img/uploads/accounts/598756/images/gardana nero.PNG
Genialita (3350);https://cdn.jooraccess.com/img/uploads/accounts/598756/images/-IaN1H9ZSWmR6e-Yueowvg_608072851696f42303006c0_16679541_02820130XX1.jpg
Ghedi (0970);https://cdn.jooraccess.com/img/uploads/accounts/598756/images/OuVAL2gTRcuD5yJgucIucg_1754614739696f430bb59464_68046319_02821510XX1.jpg
Ghedi (0101);https://cdn.jooraccess.com/img/uploads/accounts/598756/images/NsCGHo0-QraSfVBQVdsEaA_770233866696f4230983031_21729690_02820140XX1.jpg
Ghiglia (0101 0101 0101);https://cdn.jooraccess.com/img/uploads/accounts/598756/images/_Ir3PSh3TSS-MC7SeRmEdw_776146626696f42310fe0b6_09808030_02820150XX1-2.jpg
Gotica (1034 0202);https://cdn.jooraccess.com/img/uploads/accounts/598756/images/gotica.PNG
Gradis (0966);https://cdn.jooraccess.com/img/uploads/accounts/598756/images/XanHz_VwTMiEGmxquz7osw_394796177696f4233069342_55630340_02820200XX1.jpg
Gradis (0101);https://cdn.jooraccess.com/img/uploads/accounts/598756/images/1fXm1ML1RcWL0m1EaEA_lA_482142787696f423277d5f4_22348172_02820190XX1.jpg
Graffiti (3331 0201 0101);https://cdn.jooraccess.com/img/uploads/accounts/598756/images/GRAFFITI_333100000000.jpg
Gray (1221);https://cdn.jooraccess.com/img/uploads/accounts/598756/images/34IyXtSAR4CJtxDFA-DPzA_561762010696f4233e21800_36810259_02820230XX1.jpg
Gray (2446);https://cdn.jooraccess.com/img/uploads/accounts/598756/images/5L0bs7ShT2uANKpC-gGERA_1540420326696f42344ed410_23001950_02820240XX1.jpg
Guizzante (0101);https://cdn.jooraccess.com/img/uploads/accounts/598756/images/mEFnF067RdGnE9GzfNThEA_1115403616696f4234b83040_67225808_02820250XX1.jpg
Ialofane (1227 0002);https://cdn.jooraccess.com/img/uploads/accounts/598756/images/IALOFANE_10100020000.jpg
Ialofane (0993 0002);https://cdn.jooraccess.com/img/uploads/accounts/598756/images/bY6wJXy6TvKLy7-5erDxaA_2108574309696f42209cb429_45584211_02800660XX1.jpg
Ialofane (0101 0002);https://cdn.jooraccess.com/img/uploads/accounts/598756/images/IALOFANE_10100020000 (1).jpg
Iroise (0994 0002);https://cdn.jooraccess.com/img/uploads/accounts/598756/images/7spHNOP2QYKtkcTkc6e25Q_1348814134696f422344df15_71713074_02800710XX1.jpg
Iroise (0101 0002);https://cdn.jooraccess.com/img/uploads/accounts/598756/images/cougRXqXSLCLpSH5I324CQ_361816691696f422261f4e8_02648203_02800700XX1.jpg
Iroise (0212 0002);https://cdn.jooraccess.com/img/uploads/accounts/598756/images/bh054MdiSKKEM-NPLgzYnA_1932535666696f42291c1a50_67050088_02801430XX1.jpg
Iroise (2004 0002);https://cdn.jooraccess.com/img/uploads/accounts/598756/images/7706505e-60b7-43f9-a8a2-5435010c42a0-removebg-preview.png
Laconico (0921);https://cdn.jooraccess.com/img/uploads/accounts/598756/images/0c4bc39c-17e0-4657-a415-a53ebd6fe775-removebg-preview.png
Lanificio (0101);https://cdn.jooraccess.com/img/uploads/accounts/598756/images/image (1026).png
Lanterne (0921);https://cdn.jooraccess.com/img/uploads/accounts/598756/images/WhatsApp_Image_2026-01-28_at_16.34.05-removebg-preview.png
Leonidas (3173);https://cdn.jooraccess.com/img/uploads/accounts/598756/images/2hzpCfH4RfeaLd4HduSNWg_1540085088696f42e0485205_82454446_02820410XX1.jpg
Liceali (3200);https://cdn.jooraccess.com/img/uploads/accounts/598756/images/S82WH97wQzu4sRcO5wWaUQ_2103315294696f4306d83529_32198325_02821400XX1.jpg
Liceali (3324);https://cdn.jooraccess.com/img/uploads/accounts/598756/images/M10HnQcUSPaUXa7hgwClFw_1514817814696f42e125d8d2_47945571_02820450XX1.jpg
Limana (3411);https://cdn.jooraccess.com/img/uploads/accounts/598756/images/VaDc7K9EShGWeSN0KH67ww_450519383696f4306706641_82243983_02821390XX1.jpg
Linearita (0101 0101);https://cdn.jooraccess.com/img/uploads/accounts/598756/images/image (1028).png
Liquorosa (0101);https://cdn.jooraccess.com/img/uploads/accounts/598756/images/0eGzd548TS6sNF3a6bE7Eg_1039106981696f42e18a2cd7_22787282_02820510XX1.jpg
Lucentezza (0101);https://cdn.jooraccess.com/img/uploads/accounts/598756/images/7v0FTekRSaSnQaOwEt8Jvw_2126572995696f42e2d8b804_09815521_02820550XX1.jpg
Lunetta (0101);https://cdn.jooraccess.com/img/uploads/accounts/598756/images/PHjG_OpCSD67cEGFpJnu_Q_1515528308696f4355792654_41637429_02820560XX1.jpg
Lunotto (3418);https://cdn.jooraccess.com/img/uploads/accounts/598756/images/LUNOTTO_0.jpg
Mabels (1270);https://cdn.jooraccess.com/img/uploads/accounts/598756/images/Oa1OALUhQTKc0szFpGj60A_1620258802696f435edcff88_75280408_02830350XX1.jpg
Mabels (2435);https://cdn.jooraccess.com/img/uploads/accounts/598756/images/TIY7-EzGS2aiWUKmv5MNjQ_1476171627696f435f9d8fe1_81528124_02830360XX1.jpg
Madelin (0101 0101);https://cdn.jooraccess.com/img/uploads/accounts/598756/images/g381HkZ0QFKHoK4V-FYjsg_2078295593696f4360460570_64319565_02830410XX1.jpg
Maestosita (0202 0202);https://cdn.jooraccess.com/img/uploads/accounts/598756/images/WPI5Q9rDTb64Th8LneGfVQ_804989879696f436124a4b6_69325323_02830440XX1.jpg
Magnesite (3423);https://cdn.jooraccess.com/img/uploads/accounts/598756/images/3fYo_UU5Rmq40CooNzA-5g_533087305696f4356e2f754_72300204_02830090XX1.jpg
Magnesite (3568);https://cdn.jooraccess.com/img/uploads/accounts/598756/images/image (1025).png
Maizena (0101);https://cdn.jooraccess.com/img/uploads/accounts/598756/images/YyS_5mptS9u-T1byYRDyhQ_144598007696f4362040742_30894184_02830490XX1.jpg
Malvia (0101 2246);https://cdn.jooraccess.com/img/uploads/accounts/598756/images/Qszl8X8SQFugo1saWqnExA_1841430439696f4362d38204_99119524_02830510XX1.jpg
Malvia (0202 0846);https://cdn.jooraccess.com/img/uploads/accounts/598756/images/KlVMxQr7SyCrt10DPMy3iw_509161854696f4363420906_31932689_02830520XX1.jpg
Mancante (3390 0101);https://cdn.jooraccess.com/img/uploads/accounts/598756/images/MANCANTE_339000000000.jpg
Mantecare (0846 0202);https://cdn.jooraccess.com/img/uploads/accounts/598756/images/Yci8Pmn2Qc2K4CUAa8lsoA_1572868144696f437a4f16c8_58141760_02831300XX1.jpg
Mantecare (0101 2246);https://cdn.jooraccess.com/img/uploads/accounts/598756/images/WW8xbwIkRpOZTNryF69WAw_1285323695696f436482d1c6_61414433_02830560XX1.jpg
Mantes (3390);https://cdn.jooraccess.com/img/uploads/accounts/598756/images/ipCjCp2KRtGb_urUxMn2xA_416890850696f43655c6e65_18497823_02830580XX1.jpg
Mantisia (0101 0101);https://cdn.jooraccess.com/img/uploads/accounts/598756/images/39a5d911-b2c6-4ed8-9b34-d8898a311c62-removebg-preview.png
Marostica (3390);https://cdn.jooraccess.com/img/uploads/accounts/598756/images/sf_X_8TcR-ObvSuGMf6O6A_1152017837696f4365c601d6_48411476_02830610XX1.jpg
Marsan (0101);https://cdn.jooraccess.com/img/uploads/accounts/598756/images/T00vK7FtTzWuia1sFH06HQ_831410860696f43663e72c8_80944200_02830620XX1.jpg
Marsan (0202);https://cdn.jooraccess.com/img/uploads/accounts/598756/images/hx3WK9DDSqCfJ-7vSg3gxA_2065746112696f4366a2fa89_92262596_02830630XX1.jpg
Marsan (2246);https://cdn.jooraccess.com/img/uploads/accounts/598756/images/image-removebg-preview (45).png
Marsela (0802 0816);https://cdn.jooraccess.com/img/uploads/accounts/598756/images/Gh5AuRKrRy-NeEE0GszlMg_1242207552696f43755db3c9_42747205_02831130XX1.jpg
Marsela (0101 3439);https://cdn.jooraccess.com/img/uploads/accounts/598756/images/3kNtZOruR-eCnxMUOwytGQ_735352222696f4374894804_26830686_02831110XX1.jpg
Marsela (0202 0913);https://cdn.jooraccess.com/img/uploads/accounts/598756/images/3AyLRjGgT1WIxNPjMZn5hQ_248320122696f4374ec3a11_45459311_02831120XX1.jpg
Matri (0101);https://cdn.jooraccess.com/img/uploads/accounts/598756/images/JtRRfdrFQUCGzR-Doj_RsQ_1104211867696f4367122472_54397497_02830660XX1.jpg
Matri (0202);https://cdn.jooraccess.com/img/uploads/accounts/598756/images/N2VwqYU7SyiQWu_pOy8eVQ_2103273485696f43677befb5_34138714_02830670XX1.jpg
Matri (2246);https://cdn.jooraccess.com/img/uploads/accounts/598756/images/image-removebg-preview (54).png
Maurilia (0506);https://cdn.jooraccess.com/img/uploads/accounts/598756/images/kxBSsZ-hQ8m944H5LFR0cA_8187316696f4375c3a165_51356027_02831140XX1.jpg
Maurilia (0202);https://cdn.jooraccess.com/img/uploads/accounts/598756/images/ZCnho2JsTWiRlK5fdRlc9g_738156072696f4367dcf304_04744855_02830680XX1.jpg
Medoro        A (0823);https://cdn.jooraccess.com/img/uploads/accounts/598756/images/893577d8-fb90-4857-ab9c-49269a5ce82c-removebg-preview.png
Medoro        A (0101);https://cdn.jooraccess.com/img/uploads/accounts/598756/images/8f9598d3-69da-4313-b4bc-4c0569396207-removebg-preview.png
Medoro        A (0202);https://cdn.jooraccess.com/img/uploads/accounts/598756/images/4c68fa23-0057-4165-bef8-bb36d9bed14a-removebg-preview.png
Medoro        A (0319);https://cdn.jooraccess.com/img/uploads/accounts/598756/images/18f11d4c-5e83-416f-9f8f-31b24a828b43-removebg-preview (1).png
Medoro        A (2246);https://cdn.jooraccess.com/img/uploads/accounts/598756/images/7b4c7025-a934-4d9c-bd8f-8ed579691cef-removebg-preview.png
Medoro        A (2050);https://cdn.jooraccess.com/img/uploads/accounts/598756/images/1d795b48-1398-4d5b-8b33-329389812590-removebg-preview.png
Medoro        A (0759);https://cdn.jooraccess.com/img/uploads/accounts/598756/images/ffb54339-d337-4f0e-bb02-ada37cc4a475-removebg-preview.png
Meduna (2544);https://cdn.jooraccess.com/img/uploads/accounts/598756/images/hNWBzHZ0R9iuL0RjESStng_1117394734696f43692f6b28_43871780_02830720XX1.jpg
Meduna (2050);https://cdn.jooraccess.com/img/uploads/accounts/598756/images/0000_0079 (4).jpg
Meleti (0620);https://cdn.jooraccess.com/img/uploads/accounts/598756/images/1hGKdyecTBqaCk9fqoZ-fw_1206728860696f4369a3c3b5_02291338_02830730XX1.jpg
Meleti (0970);https://cdn.jooraccess.com/img/uploads/accounts/598756/images/O6mLi2foTByXD_ntjMO28w_111968251696f436a2c6170_84066799_02830740XX1.jpg
Merina (2544);https://cdn.jooraccess.com/img/uploads/accounts/598756/images/THcZAxKrQtyUuRn1NlxAfw_1714278876696f436a94c0d6_81431318_02830780XX1.jpg
Merina (2050);https://cdn.jooraccess.com/img/uploads/accounts/598756/images/3ec740e2-c84b-450d-be5d-33778390592f-removebg-preview.png
Merletti      A (0970);https://cdn.jooraccess.com/img/uploads/accounts/598756/images/aa6b3ec6-6d36-44ed-89b9-3fc6c3e36a01.jpg
Met (0101);https://cdn.jooraccess.com/img/uploads/accounts/598756/images/5d1b9dae-d867-4820-8892-b937bd127371-removebg-preview.png
Met (2234);https://cdn.jooraccess.com/img/uploads/accounts/598756/images/JakQkAGhQh6-K43qoGM5eA_196022933696f436b684e64_02326623_02830800XX1.jpg
Met (1781);https://cdn.jooraccess.com/img/uploads/accounts/598756/images/MET_178100000000.jpg
Mimesia (0101);https://cdn.jooraccess.com/img/uploads/accounts/598756/images/t1JUy6rqQxGihQsXEncQWw_1013232769696f436ca0dc07_53704007_02830830XX1.jpg
Mira (0101);https://cdn.jooraccess.com/img/uploads/accounts/598756/images/beVciW1ZQAO2aet6tz4teg_1384514893696f4377e75048_28824063_02831240XX1.jpg
Mira (0202);https://cdn.jooraccess.com/img/uploads/accounts/598756/images/A9uRxdXcRpiCkjgx3Y2pSw_1598015888696f43785c9df9_64067927_02831250XX1.jpg
Mira (2246);https://cdn.jooraccess.com/img/uploads/accounts/598756/images/image-removebg-preview (55).png
Mirko (0204);https://cdn.jooraccess.com/img/uploads/accounts/598756/images/xUKjzCJYT7Kj4H5CUKX3nQ_1391350466696f43763091d3_38042312_02831150XX1.jpg
Mirko (0506);https://cdn.jooraccess.com/img/uploads/accounts/598756/images/R-uxphq9ReyuwnApbCDH8A_68983129696f437694eaf8_94837033_02831160XX1.jpg
Mirko (1781);https://cdn.jooraccess.com/img/uploads/accounts/598756/images/2cb9e06d-bc91-4421-8a96-49701b4a0bdf-removebg-preview.png
Miss          A (0823);https://cdn.jooraccess.com/img/uploads/accounts/598756/images/2dc21c5b-1fcc-43b6-9629-a1216dc676fd-removebg-preview.png
Miss          A (0970);https://cdn.jooraccess.com/img/uploads/accounts/598756/images/0288f1be-55d2-4088-90a1-daa5f789394d-removebg-preview (2).png
Miss          A (0101);https://cdn.jooraccess.com/img/uploads/accounts/598756/images/fc8bc7c0-361d-436a-b42a-528d0b863da9-removebg-preview.png
Miss          A (0202);https://cdn.jooraccess.com/img/uploads/accounts/598756/images/6540a11f-09c4-462c-94e6-c107412a0e4e-removebg-preview.png
Misterioso (0802);https://cdn.jooraccess.com/img/uploads/accounts/598756/images/B_5y67AxQdm4Jsf13k2OIg_48850342696f4378c52613_95053070_02831260XX1.jpg
Misterioso (0101);https://cdn.jooraccess.com/img/uploads/accounts/598756/images/C81i57xwSmG4hW-bz71DEw_2138554498696f436dddaa68_76350065_02830850XX1.jpg
Mity (3441);https://cdn.jooraccess.com/img/uploads/accounts/598756/images/w7ia5WvoTAeZwlznKmkrsw_293308709696f4377880a32_37996036_02831200XX1.jpg
Mity (3374);https://cdn.jooraccess.com/img/uploads/accounts/598756/images/figTUWpoTa2gZPu9oRzUfA_931594082696f43771a2813_21938047_02831190XX1.jpg
Modici (0101);https://cdn.jooraccess.com/img/uploads/accounts/598756/images/tvlH-u8bSsGWHc50goiuVw_626527006696f436e7af525_91890335_02830860XX1.jpg
Modici (0202);https://cdn.jooraccess.com/img/uploads/accounts/598756/images/3t9WU6qrQtWjIPAxBEDX0Q_1339733322696f436ee64bb3_28064893_02830870XX1.jpg
Mormorare (0101);https://cdn.jooraccess.com/img/uploads/accounts/598756/images/1RNr5QUzRtKaPL1I1oH0jQ_1698339702696f436f52fc83_74006782_02830920XX1.jpg
Muni          A (2435);https://cdn.jooraccess.com/img/uploads/accounts/598756/images/MUNI_244200000000.jpg
Muni          A (0802);https://cdn.jooraccess.com/img/uploads/accounts/598756/images/246ffb13-4b9b-4204-9cd8-53eec7f9c1d2-removebg-preview.png
Muni          A (0970);https://cdn.jooraccess.com/img/uploads/accounts/598756/images/a8acb2c7-9248-46ae-aece-e01b98d4abe6-removebg-preview.png
Muni          A (0202);https://cdn.jooraccess.com/img/uploads/accounts/598756/images/MUNI_20200000000.jpg
Muni          A (1802);https://cdn.jooraccess.com/img/uploads/accounts/598756/images/57970ed1-2335-4557-a61c-37d69b8f0125-removebg-preview (1).png
Muni          A (1655);https://cdn.jooraccess.com/img/uploads/accounts/598756/images/ba4e6326-f173-41bb-95fd-b8402c046129-removebg-preview.png
Muni          A (2246);https://cdn.jooraccess.com/img/uploads/accounts/598756/images/d0e06b78-050f-47c8-a1b2-4606373c9655-removebg-preview.png
Muni          A (1736);https://cdn.jooraccess.com/img/uploads/accounts/598756/images/6ec1b078-e1a6-41fe-9f85-24b5bbd16d66-removebg-preview.png
Munia (0101 0101);https://cdn.jooraccess.com/img/uploads/accounts/598756/images/addd17e8-7aa8-4c53-84c5-8f993bf51d55-removebg-preview.png
Munia (2246 0908);https://cdn.jooraccess.com/img/uploads/accounts/598756/images/b4991194-d13f-4a76-9331-b1cced3212eb-removebg-preview.png
Murcia (2544);https://cdn.jooraccess.com/img/uploads/accounts/598756/images/965f2c29-676c-4192-8d8f-b78a724a8831-removebg-preview.png
Murcia (0802);https://cdn.jooraccess.com/img/uploads/accounts/598756/images/l5Z0et8oRpG_yhMCrEQ3ZA_2006503328696f436fb9b4d9_08969134_02830950XX1.jpg
Murcia (0101);https://cdn.jooraccess.com/img/uploads/accounts/598756/images/72979c1e-3971-4160-8873-e5877a21adf5-removebg-preview.png
Murice (0101 0101);https://cdn.jooraccess.com/img/uploads/accounts/598756/images/nMbjNxprSlaxb6Y8tn2aag_1487863338696f43702f3022_81636348_02830970XX1.jpg
Nagorno (0002);https://cdn.jooraccess.com/img/uploads/accounts/598756/images/nagorno.PNG
Nuevitas (0002 0001);https://cdn.jooraccess.com/img/uploads/accounts/598756/images/e39e2515-7056-4e2f-8a1c-57aeb3a2cca5-removebg-preview.png
Octavia (0970);https://cdn.jooraccess.com/img/uploads/accounts/598756/images/p7t_s43RQf6XVh4WzEOHjA_840034150696f4307a85023_85827449_02821430XX1.jpg
Octavia (0101);https://cdn.jooraccess.com/img/uploads/accounts/598756/images/i5OuXUQOQ-ylTHmgLApQ2g_1171424529696f42e3b61328_45674991_02820580XX1.jpg
Odrisi (3274);https://cdn.jooraccess.com/img/uploads/accounts/598756/images/VOlpN15mQ7-Gfc5_RcvCtQ_552888534696f42e48d4647_09441657_02820600XX1.jpg
Offida (1221);https://cdn.jooraccess.com/img/uploads/accounts/598756/images/i2e0LUF3RDeiroccYAfYLg_2093400656696f42e5710f44_40363493_02820620XX1.jpg
Offida (0101);https://cdn.jooraccess.com/img/uploads/accounts/598756/images/YFFY1s4iR8mmZlK3FNEjEQ_850058026696f42e4f083b6_29969679_02820610XX1.jpg
Offida (2446);https://cdn.jooraccess.com/img/uploads/accounts/598756/images/OBHYTOGMQBaSb5Sw8RcPPQ_663073251696f42e6227508_06588102_02820630XX1.jpg
Olinda (3404);https://cdn.jooraccess.com/img/uploads/accounts/598756/images/-zYTZ534RoOB5w7RExMFfw_226965868696f42e6eeab90_44429190_02820650XX1.jpg
Olino (0101);https://cdn.jooraccess.com/img/uploads/accounts/598756/images/WB3mUMP3TJawkC--cywg5A_1735184590696f42e77563b4_33170269_02820660XX1.jpg
Olivetano (1251);https://cdn.jooraccess.com/img/uploads/accounts/598756/images/QXBRddRtRfyF-CI0R37DgA_392918825696f43087b6123_57329480_02821450XX1.jpg
Olivetano (0943);https://cdn.jooraccess.com/img/uploads/accounts/598756/images/qdI5UwLCT1OH3R6NaxIWHg_1650191426696f42e87b11a6_96447037_02820670XX1.jpg
Olivetano (1793);https://cdn.jooraccess.com/img/uploads/accounts/598756/images/cvNRdSSbR3uGZFsM3BKLqg_26644077696f42e8e0b843_49978902_02820680XX1.jpg
Oneta (0101);https://cdn.jooraccess.com/img/uploads/accounts/598756/images/q_ccIh8SQYKBjrGDLbLzIA_575509728696f42e952ac78_02205855_02820690XX1.jpg
Ontani (1262);https://cdn.jooraccess.com/img/uploads/accounts/598756/images/Hby2QBOFTFG-bN-jqmGYeg_671233607696f42e9b32a60_97200211_02820700XX1.jpg
Orilia (0101);https://cdn.jooraccess.com/img/uploads/accounts/598756/images/BtQDR10RQcqlW_zq2aAUyw_1859370581696f42ea269446_74918326_02820710XX1.jpg
Oriola (0921);https://cdn.jooraccess.com/img/uploads/accounts/598756/images/WhatsApp_Image_2026-01-28_at_16.38.41_1_-removebg-preview.png
Ortesi (0101);https://cdn.jooraccess.com/img/uploads/accounts/598756/images/qugyVdtWTYae43oPqhZUCA_65538751696f42ecbf2348_77616038_02820780XX1.jpg
Osiglia (0813);https://cdn.jooraccess.com/img/uploads/accounts/598756/images/V6I6t7rMSfSpweLXwS5YdQ_642419012696f43097cadc6_38892119_02821470XX1.jpg
Ottana (3417);https://cdn.jooraccess.com/img/uploads/accounts/598756/images/TQWq2qXmRQayYc7Z7KMgUg_391295727696f42ed3bd804_80361111_02820790XX1.jpg
Overt (0978);https://cdn.jooraccess.com/img/uploads/accounts/598756/images/aRhuWFmbR-y2VnGMh2DLyQ_818557080696f42ee1851b3_58178703_02820810XX1.jpg
Overt (0101);https://cdn.jooraccess.com/img/uploads/accounts/598756/images/ClxEiTWDS22dYpj07lfOuw_1041391370696f42eda52a03_75833389_02820800XX1.jpg
Raffica (0201);https://cdn.jooraccess.com/img/uploads/accounts/598756/images/8WFztdzaSlys8xqNPytGUw_1342787751696f422b723a77_67730422_02801500XX1.jpg
Renata (0994);https://cdn.jooraccess.com/img/uploads/accounts/598756/images/A3nG-SM9Qm6wHbbYTs5AkQ_208796047696f422ad17964_27807365_02801460XX1.jpg
Renno (0814);https://cdn.jooraccess.com/img/uploads/accounts/598756/images/57693e01-fdb6-4b56-a73b-26c4b4d8ce61.jpg
Renno (0930);https://cdn.jooraccess.com/img/uploads/accounts/598756/images/8e09b374-977d-4525-b1ab-f8d405b785e3.jpg
Ricci (0908);https://cdn.jooraccess.com/img/uploads/accounts/598756/images/_YAcmu7JS0GaHs5XJsDSPg_1189829026696f422b101894_63180460_02801470XX1.jpg
Ricci (0101);https://cdn.jooraccess.com/img/uploads/accounts/598756/images/Oy-RpWBtRVyysdrg5ts6bA_1641766512696f422b416e76_26139061_02801480XX1.jpg
Richiesta (0910);https://cdn.jooraccess.com/img/uploads/accounts/598756/images/SUhN7iLCTHOki93FohJ7SA_1829183330696f422a5f3470_92647349_02801450XX1.jpg
Roboamo (3463);https://cdn.jooraccess.com/img/uploads/accounts/598756/images/Progetto senza titolo (1).png
Roboamo (3465);https://cdn.jooraccess.com/img/uploads/accounts/598756/images/2ff2a59f-9fd1-41da-aff4-aeb1b81a19cd-removebg-preview.png
Roboamo (3464);https://cdn.jooraccess.com/img/uploads/accounts/598756/images/570cae40-9475-4baa-b4d9-2d4479e7def9-removebg-preview.png
Rocchero (4692);https://cdn.jooraccess.com/img/uploads/accounts/598756/images/UeTI07JEQnuybrvsR-bv5g_2080263624691c57e8aaf160_18464595_02800370XX7.jpg
Rocchero (4693);
Rotterdam     E (2439);https://cdn.jooraccess.com/img/uploads/accounts/598756/images/b4568a5d-6591-432e-a116-f6e5247f5b6f.jpg
Rotterdam     E (0101);https://cdn.jooraccess.com/img/uploads/accounts/598756/images/29cd34c1-9939-4b00-a281-c620d08a01e7-removebg-preview.png
Rotterdam     E (1744);https://cdn.jooraccess.com/img/uploads/accounts/598756/images/4a285c9d-a925-493b-b06c-8d85ec87d02a.jpg
Rusco (3372);https://cdn.jooraccess.com/img/uploads/accounts/598756/images/yoSUhnnwSTKOTSJ9WqapRg_486854364696f4224b475a7_24918323_02801190XX1.jpg
Salicornia (2262);https://cdn.jooraccess.com/img/uploads/accounts/598756/images/bsANrcajRV23YcQN_03KVw_1493745328696f42eeaa4df0_98253593_02820820XX1.jpg
Salottino (0916);https://cdn.jooraccess.com/img/uploads/accounts/598756/images/VqxAzOL8QAGWP0QqgMeEIw_563511883696f42f017b3c2_69472272_02820840XX1.jpg
Salottino (0202);https://cdn.jooraccess.com/img/uploads/accounts/598756/images/KT97IHepTbiZPG-Dzjf1ZQ_1770281812696f42efa988d7_39925462_02820830XX1.jpg
Sauris (0985);https://cdn.jooraccess.com/img/uploads/accounts/598756/images/9N1WYFCYQiyYLLWef1_qQw_1966625180696f42f0e46ef9_00176441_02820860XX1.jpg
Sciantal (3285);https://cdn.jooraccess.com/img/uploads/accounts/598756/images/0000_0090.jpg
Scolpito (0101 0913);https://cdn.jooraccess.com/img/uploads/accounts/598756/images/0000_0091 (2).jpg
Scoprire (0101 0989);https://cdn.jooraccess.com/img/uploads/accounts/598756/images/-6KdKxirSmiVRYl7WOAhvg_26649427696f430a3da358_88679153_02821480XX1.jpg
Scoprire (2712 2712);https://cdn.jooraccess.com/img/uploads/accounts/598756/images/lKqGNM1tQte9sZoxxMIz-Q_868057012696f42f4183f64_90266146_02820930XX1.jpg
Seduta (3417);https://cdn.jooraccess.com/img/uploads/accounts/598756/images/bepctPXfSIK7vqF5pwZQkQ_283102043696f42f4b2c696_85048935_02820950XX1.jpg
Serieta (3274);https://cdn.jooraccess.com/img/uploads/accounts/598756/images/PqG9-FYmSSKd6ktSwYBrtw_1218135521696f42f58904d5_23806936_02820980XX1.jpg
Sigilli (1294 0235);https://cdn.jooraccess.com/img/uploads/accounts/598756/images/WzYXb10kQQaRbo3srKWFvA_1873521069696f42f6059416_18779616_02820990XX1.jpg
Sinuosita (0101 0101);https://cdn.jooraccess.com/img/uploads/accounts/598756/images/U0zfEciTRril1sAeNWTung_1279272056696f42f726ce55_67715627_02821010XX1.jpg
Situazione (0809);https://cdn.jooraccess.com/img/uploads/accounts/598756/images/N4kpuTJgRrqVtJEHXUVbtw_2745288696f42f948f606_55872285_02821040XX1.jpg
Situazione (0101);https://cdn.jooraccess.com/img/uploads/accounts/598756/images/kjqlZwubSP-Q0ztOqwZ8dg_357551222696f42f8d7cd45_44101591_02821030XX1.jpg
Soana (0101);https://cdn.jooraccess.com/img/uploads/accounts/598756/images/IXvyIF7SRK6hYKevjnFpEw_831137449696f42f9b2a2d4_32797153_02821050XX1.jpg
Socio (0963 1161);https://cdn.jooraccess.com/img/uploads/accounts/598756/images/e0r4p7GdTVyJ63LSWEZZjQ_823327549696f42fa6897f3_01024722_02821060XX1.jpg
Solero (2344);https://cdn.jooraccess.com/img/uploads/accounts/598756/images/CIDkFKi-RPawztmo77nwXA_1425948726696f42fb0f6950_33326322_02821070XX1.jpg
Solvente (1221 1221);https://cdn.jooraccess.com/img/uploads/accounts/598756/images/tILigkVvRVmc5dv-Ai3nYQ_770621120696f42fb71ee52_38606030_02821080XX1.jpg
Solvente (2446 2446);https://cdn.jooraccess.com/img/uploads/accounts/598756/images/LP0W97I7Q-6DEa75JykENw_1169263196696f42fbd36f68_89337037_02821090XX1.jpg
Soresina (0101 0101);https://cdn.jooraccess.com/img/uploads/accounts/598756/images/image (1029).png
Soriano (3439 0101 0101);https://cdn.jooraccess.com/img/uploads/accounts/598756/images/image (1030).png
Sostenuto (0101 0101);https://cdn.jooraccess.com/img/uploads/accounts/598756/images/mAkglfhoRjyKto2oKLnpGw_480221988696f42fd108a62_86820326_02821120XX1.jpg
Spareggio (0996);https://cdn.jooraccess.com/img/uploads/accounts/598756/images/2NiFlQdATsqtiyLCjMWh9Q_1848836899696f42fd755c70_44100840_02821130XX1.jpg
Spartiti (0101);https://cdn.jooraccess.com/img/uploads/accounts/598756/images/ShtSHt_fT-idibjnVPS0vw_1302349068696f42fdd67220_15467480_02821140XX1.jpg
Spettatore (3331);https://cdn.jooraccess.com/img/uploads/accounts/598756/images/zwGI1zFWTrWaBDjRh3_05w_931393777696f430b4be833_87873246_02821500XX1.jpg
Spidy (0101);https://cdn.jooraccess.com/img/uploads/accounts/598756/images/9E0cQd8-TISV4QgurWwIpw_1007642779696f42fe4c4b69_03663208_02821160XX1.jpg
Spillatrice (3470 0913);https://cdn.jooraccess.com/img/uploads/accounts/598756/images/0672eeac-225d-415a-a979-5986802b98c8-removebg-preview.png
Stelle (0919);https://cdn.jooraccess.com/img/uploads/accounts/598756/images/v0SMZo0VQaKGpkN_-N_65w_698883230696f42feb83970_50231303_02821190XX1.jpg
Strass (0101);https://cdn.jooraccess.com/img/uploads/accounts/598756/images/YqwkwyA5QMqJiZQWrpBl9g_1744343220696f42ff2d54e7_32709159_02821200XX1.jpg
Summit (0987);https://cdn.jooraccess.com/img/uploads/accounts/598756/images/0fciOmWLSOKx_DqL-UXBYw_1247342274696f42fff21e07_39452345_02821220XX1.jpg
Summit (0101);https://cdn.jooraccess.com/img/uploads/accounts/598756/images/bjr89i15TKOAEm6clqi2Pg_1337518141696f42ff914c67_98886619_02821210XX1.jpg
Supporre (2328);https://cdn.jooraccess.com/img/uploads/accounts/598756/images/dy8XIV3dSJKeLAiihND0GQ_1780848425696f4300c29220_26044595_02821240XX1.jpg
Supporre (0995);https://cdn.jooraccess.com/img/uploads/accounts/598756/images/A-_m01BxSlCI2yq9LK3j-A_1990879054696f430060bf33_29956349_02821230XX1.jpg
Svista (0101);https://cdn.jooraccess.com/img/uploads/accounts/598756/images/Y5nVSE1gSb6SPip95-cHFA_898560113696f43013e28f4_95099051_02821250XX1.jpg
Svista (1144);https://cdn.jooraccess.com/img/uploads/accounts/598756/images/4sikdTgfRK6WFC1DeNks1w_203156766696f4301ab36d9_51928393_02821260XX1.jpg
Svolta (3331);https://cdn.jooraccess.com/img/uploads/accounts/598756/images/45e17d06-9a3a-4f4e-b23f-0d6c4fd77f78-removebg-preview.png
Svolta (3404);https://cdn.jooraccess.com/img/uploads/accounts/598756/images/xqpugBqmSP-bAx5QyBJ1nQ_149493704696f430ad7f620_15586732_02821490XX1.jpg
Uncinetto (2218 0002);https://cdn.jooraccess.com/img/uploads/accounts/598756/images/3030abd0-74ff-47bd-90e5-07f585e9b503-removebg-preview.png
Uncinetto (0964 0002);https://cdn.jooraccess.com/img/uploads/accounts/598756/images/FoDk2b0MSVmhavamVjX6Ew_1804509062696f42267e3535_06764444_02801310XX1.jpg
Uncinetto (2019 0002);https://cdn.jooraccess.com/img/uploads/accounts/598756/images/ba57990f-9ee3-49d7-9659-c21d3844f942-removebg-preview.png
Urial (0952);https://cdn.jooraccess.com/img/uploads/accounts/598756/images/38266ccf-be3d-428f-90ab-61b64acd7b64-removebg-preview.png
Zichi         C (0428);https://cdn.jooraccess.com/img/uploads/accounts/598756/images/0000_0169 (1).jpg
Cremina (0202 2320);https://cdn.jooraccess.com/img/uploads/accounts/598756/images/a3692c00-4893-4bee-8424-c8bfd369f380-removebg-preview.png
Madelin (1163 1122);https://cdn.jooraccess.com/img/uploads/accounts/598756/images/MADELIN_116399990000 (2).jpg
Maestosita (0802 0863);https://cdn.jooraccess.com/img/uploads/accounts/598756/images/MAESTOSITA_80299990000.jpg
Manografo (0506);https://cdn.jooraccess.com/img/uploads/accounts/598756/images/MANOSF_50600000000.jpg
Mossa         G (0970);https://cdn.jooraccess.com/img/uploads/accounts/598756/images/7b9e70ac-1f12-46cb-beea-852f7a2328f9-removebg-preview.png
Macaria (2435);https://cdn.jooraccess.com/img/uploads/accounts/598756/images/ead13f2a-f799-4e6b-918c-1ed7af5c7ff7-removebg-preview.png
Macaria (0970);https://cdn.jooraccess.com/img/uploads/accounts/598756/images/74efb9cd-f75a-4ac5-903b-2b4b34e4fd86-removebg-preview.png
Macaria (0101);https://cdn.jooraccess.com/img/uploads/accounts/598756/images/1c1747b9-ac92-471a-ae98-e3c1b6b2eb99-removebg-preview.png
Macaria (0202);https://cdn.jooraccess.com/img/uploads/accounts/598756/images/99ed411f-86cc-4129-a8b5-d0b12d260196-removebg-preview.png
Maurilia (2246);https://cdn.jooraccess.com/img/uploads/accounts/598756/images/MAURILIA_231000000000 (3).jpg
Mossa         G (0846);https://www.luisaspagnoli.com/dw/image/v2/BFPQ_PRD/on/demandware.static/-/Sites-master-catalog/default/dwbc3e6d65/images/large/15908575026a44dc4b49c640_37594394.jpg?sw=500
Rotterdam     E (2345);https://cdn.jooraccess.com/img/uploads/accounts/598756/images/ce1e4cca-cdfd-4b02-b8b2-ed0992e07612-removebg-preview.png
Cavina (0952 0428);https://cdn.jooraccess.com/img/uploads/accounts/598756/images/0000_0128 (1).jpg
Damiera (0784 0002);https://cdn.jooraccess.com/img/uploads/accounts/598756/images/eiSO3jbvS0i_wLzoLeOWVw_1729358228696f420faa47e7_01053025_02800440XX1.jpg
Ialofane (2446 0002);
Maestosita (2435 2435);https://www.luisaspagnoli.com/dw/image/v2/BFPQ_PRD/on/demandware.static/-/Sites-master-catalog/default/dw359d9768/images/large/2246586736a1ff8980cfed8_55555695_02840520XX11.jpg?sw=500
Recapito (3439);
Renata (0101);
Riflettere    L (0202 0202);
Rotterdam     E (0202);
Mantisia (0202 0202);https://www.luisaspagnoli.com/dw/image/v2/BFPQ_PRD/on/demandware.static/-/Sites-master-catalog/default/dw400cd315/images/large/02870550XX1.jpg?sw=500
Niccone (1712 0002);https://cdn.jooraccess.com/img/uploads/accounts/598756/images/Kvg9qbKFQ0W9nIFBb8xu3Q_1190896916691c57dba3df25_87020430_02800220XX1.jpg
Niccone (0101 0002);
Niccone (1695 0002);
Cadino (1142 1122);https://www.luisaspagnoli.com/dw/image/v2/BFPQ_PRD/on/demandware.static/-/Sites-master-catalog/default/dw18705262/images/large/20334869486a1ff85fdc3d50_22763776_02840010XX11.jpg?sw=500
Zoom          F (0856);https://www.luisaspagnoli.com/dw/image/v2/BFPQ_PRD/on/demandware.static/-/Sites-master-catalog/default/dwd709c30f/images/large/7125922776a201ba6d1c847_50812405_02871740XX1.jpg?sw=500
Illustre      E (0001 0001);
Illustre      E (0001 0002);
Registro      B (0998);
Miri          F (0970);https://www.luisaspagnoli.com/dw/image/v2/BFPQ_PRD/on/demandware.static/-/Sites-master-catalog/default/dwc33037a2/images/large/19927620526a201b971e7ee0_43285351_02870620XX1.jpg?sw=500
Miri          F (0101);https://www.luisaspagnoli.com/dw/image/v2/BFPQ_PRD/on/demandware.static/-/Sites-master-catalog/default/dw2849a6cc/images/large/12792768306a201b9633c867_61450769_02870600XX1.jpg?sw=500
Miri          F (0202);https://www.luisaspagnoli.com/dw/image/v2/BFPQ_PRD/on/demandware.static/-/Sites-master-catalog/default/dw2a29f351/images/large/849640606a201b96a04e52_64156267_02870610XX1.jpg?sw=500
Narai         A (0002);
Dantesco      A (2208 0002);
Sinuosita (0101 1186);
Rotterdam     E (9999);
Rocchero (4636);
Illustre      E (0101 0002);
Faggi (3404);https://www.luisaspagnoli.com/dw/image/v2/BFPQ_PRD/on/demandware.static/-/Sites-master-catalog/default/dw342b3bc9/images/large/3098510726a1ffa42452fa8_35914121_02862420XX1.jpg?sw=500
Miss          A (2435);https://www.luisaspagnoli.com/dw/image/v2/BFPQ_PRD/on/demandware.static/-/Sites-master-catalog/default/dwa074e318/images/large/11305799466a33eeea666338_43251042.jpg?sw=500
Nudita        A (0002);
Sindi (3414 0917);https://www.luisaspagnoli.com/dw/image/v2/BFPQ_PRD/on/demandware.static/-/Sites-master-catalog/default/dw9bae8280/images/large/14393915486a44ec439b5757_88053473.jpg?sw=500
Cufra (0202 0428);https://www.luisaspagnoli.com/dw/image/v2/BFPQ_PRD/on/demandware.static/-/Sites-master-catalog/default/dw3dcebde4/images/large/2926951386a43ac2ea6c821_06985318.jpg?sw=500
Dolcetto      A (0101 0002);https://cdn.jooraccess.com/img/uploads/accounts/598756/images/DOLCETTO_10100020000.jpg
Idilliaco     A (0986 0002);https://cdn.jooraccess.com/img/uploads/accounts/598756/images/IDILLIACO_98600020000.jpg
Idilliaco     A (2707 0002);
Idilliaco     A (0101 0002);https://cdn.jooraccess.com/img/uploads/accounts/598756/images/IDILLIACO_10100020000.jpg
Latteria      A (0202);https://cdn.jooraccess.com/img/uploads/accounts/598756/images/LATTERIA_20200000000 (2).jpg
Limonaia      E (1171);https://cdn.jooraccess.com/img/uploads/accounts/598756/images/LIMONAIA_117100000000.jpg
Ls1928gc      A (2224 0018);https://cdn.jooraccess.com/img/uploads/accounts/598756/images/LS1928GC_222400180000.jpg
Ls1928gp      A (1158 0038);https://cdn.jooraccess.com/img/uploads/accounts/598756/images/LS1928GP_115800180000.jpg
Ls1928gp      A (0101 0038);https://cdn.jooraccess.com/img/uploads/accounts/598756/images/LS1928GP_10100180000.jpg
Ls1928p       A (0101 0038);https://cdn.jooraccess.com/img/uploads/accounts/598756/images/LS1928P_10100180000 (2).jpg
Ls1928p       A (0221 0038);https://cdn.jooraccess.com/img/uploads/accounts/598756/images/LS1928P_22100380000.jpg
Ls1928p       A (2234 0038);https://cdn.jooraccess.com/img/uploads/accounts/598756/images/LS1928P_223400380000.jpg
Novalesa      A (1544 0002);https://cdn.jooraccess.com/img/uploads/accounts/598756/images/WhatsApp Image 2025-11-27 at 10.46.41.jpeg
Novalesa      A (0101 0002);https://cdn.jooraccess.com/img/uploads/accounts/598756/images/NOVALESA_10100020000.jpg
Novalesa      A (0241 0002);https://cdn.jooraccess.com/img/uploads/accounts/598756/images/2ab7fafb-ce63-482f-80c2-e45b32e9da81.jpg
Orlato        A (0929);https://cdn.jooraccess.com/img/uploads/accounts/598756/images/ORLATO_92900000000.jpg
Orlato        A (1790);https://cdn.jooraccess.com/img/uploads/accounts/598756/images/ORLATO_179000000000.jpg
Ululato       A (0101 0002);https://cdn.jooraccess.com/img/uploads/accounts/598756/images/ULULATO_10100020000.jpg
Uragano       A (2707);
Uranio        A (0101);https://cdn.jooraccess.com/img/uploads/accounts/598756/images/URANIO_10100000000.jpg
Uranio        A (2233);https://cdn.jooraccess.com/img/uploads/accounts/598756/images/URANIO_223300000000.jpg
Usanza        A (2707);
Ustica        A (2450);https://cdn.jooraccess.com/img/uploads/accounts/598756/images/USTICA_245000000000.jpg
Ustica        A (0101);https://cdn.jooraccess.com/img/uploads/accounts/598756/images/USTICA_10100000000.jpg
Usuale        A (0901 0002);https://cdn.jooraccess.com/img/uploads/accounts/598756/images/USUALE_90100020000.jpg
Usuale        A (0101 0002);https://cdn.jooraccess.com/img/uploads/accounts/598756/images/USUALE_10100020000.jpg
Xariel        A (3307 0002);https://cdn.jooraccess.com/img/uploads/accounts/598756/images/WhatsApp Image 2025-12-10 at 14.20.26 (2).jpeg
Xariel        A (0347 0002);https://cdn.jooraccess.com/img/uploads/accounts/598756/images/WhatsApp Image 2025-12-12 at 10.48.28.jpeg
Xnina         A (3248 0002);https://cdn.jooraccess.com/img/uploads/accounts/598756/images/WhatsApp Image 2025-12-12 at 10.52.59.jpeg
Xnina         A (0101 0002);https://cdn.jooraccess.com/img/uploads/accounts/598756/images/WhatsApp Image 2025-12-10 at 14.20.26 (1).jpeg
Nuvolento     A (0002);
Uragano       A (0101);https://cdn.jooraccess.com/img/uploads/accounts/598756/images/URAGANO_10100000000.jpg
Iglesias      B (1284 0002);https://cdn.jooraccess.com/img/uploads/accounts/598756/images/1284.png
Iglesias      B (2422 0002);
Iglesias      B (0068 0019);https://cdn.jooraccess.com/img/uploads/accounts/598756/images/0068.png
Iglesias      B (0101 0002);https://cdn.jooraccess.com/img/uploads/accounts/598756/images/0101.png
Iglesias      B (0001 0002);https://cdn.jooraccess.com/img/uploads/accounts/598756/images/001002.png
Iglesias      B (0244 0001 0001);https://cdn.jooraccess.com/img/uploads/accounts/598756/images/1244.png
Leila         A (0201);https://cdn.jooraccess.com/img/uploads/accounts/598756/images/e8b6b63d-de73-4eb7-bca4-3c06a3b2d408-removebg-preview (1).png
Casilda (0838 0202);https://cdn.jooraccess.com/img/uploads/accounts/598756/images/1034968455691f156ea00bd5_67326572_02790110XX1.jpg
Casilda (2203 0372);https://cdn.jooraccess.com/img/uploads/accounts/598756/images/1500869539691f156c92c048_45838506_02780710XX1.jpg
Casistica (1151 1181);https://cdn.jooraccess.com/img/uploads/accounts/598756/images/550185212691f156b48c6a8_03674351_02780680XX1.jpg
Casistica (0101 2352);https://cdn.jooraccess.com/img/uploads/accounts/598756/images/698663437691f156a654f44_71053554_02780660XX1.jpg
Cuoricino (0838 0202);https://cdn.jooraccess.com/img/uploads/accounts/598756/images/2049573906691f156f184530_48041689_02790120XX1.jpg
Cuoricino (2203 0372);https://cdn.jooraccess.com/img/uploads/accounts/598756/images/1757139112691f156cf0ef90_19905590_02780720XX1.jpg
Dancing (0948 0002);https://cdn.jooraccess.com/img/uploads/accounts/598756/images/l5iSEQ5OQ124ND3pQvEtQg_600015111696f42115260e2_17747409_02800460XX1.jpg
Dancing (0101 0002);https://cdn.jooraccess.com/img/uploads/accounts/598756/images/u3PPqnKpTvWWZzsTCISHLA_594265671691c57d002eb99_39066319_02800040XX1.jpg
Dancing (1162 0002);https://cdn.jooraccess.com/img/uploads/accounts/598756/images/1QzCCK8mS--haibCO7D6tA_1949537655696f42122b5797_47193806_02800470XX1.jpg
Danielina (2432 0002);https://cdn.jooraccess.com/img/uploads/accounts/598756/images/WY_3Kd2cT3iyYByN3Yz82Q_1318480556696f4214bdb273_14047868_02800500XX1.jpg
Danielina (0920 0002);https://cdn.jooraccess.com/img/uploads/accounts/598756/images/ijTM1Uj2Qu2iH17EsTwadw_635671619696f4213d27d93_62849280_02800490XX1.jpg
Danielina (0101 0002);https://cdn.jooraccess.com/img/uploads/accounts/598756/images/JBvHdpa7T2qnDYCOgBfL7w_1217484086696f421316a308_68387590_02800480XX1.jpg
Danville      A (0101 0002);https://cdn.jooraccess.com/img/uploads/accounts/598756/images/nero.png
Danville      A (1739 0002);https://cdn.jooraccess.com/img/uploads/accounts/598756/images/4449fdb2-37a1-4a8c-841e-150566550206-removebg-preview.png
Darsena (0101 0002 1115);https://cdn.jooraccess.com/img/uploads/accounts/598756/images/1947413755691c57cf5fa1a0_68202804_02800030XX1.jpg
Decisivo (0002 0001 0068);https://cdn.jooraccess.com/img/uploads/accounts/598756/images/Awi3zJWWQrmvB6Syc9FOOw_1916133345696f43553f8290_62285912_02800530XX1.jpg
Dedicata (0101 0002 0001);https://cdn.jooraccess.com/img/uploads/accounts/598756/images/CIPzmThcQpuTb93aM0l39A_41939825696f4217953d89_07952375_02800540XX2.jpg
Dedizione (0002);https://cdn.jooraccess.com/img/uploads/accounts/598756/images/T9Jr79OvTs6Rvtv2A7a1tA_997560146696f4218381d29_53393842_02800550XX1.jpg
Dindi         B (2726 0002);https://cdn.jooraccess.com/img/uploads/accounts/598756/images/DINDI_121700930000.jpg
Dintorni      A (2226 0002);https://cdn.jooraccess.com/img/uploads/accounts/598756/images/dintorni marrone.png
Dintorni      A (0101 0002);https://cdn.jooraccess.com/img/uploads/accounts/598756/images/dintorni.png
Dintorni      A (2427 0002);https://cdn.jooraccess.com/img/uploads/accounts/598756/images/hsAXZAdvTWGmiI4h0X8Q4w_567930380696f4219778213_78416684_02800570XX1.jpg
Dintorni      A (1122 0002);https://cdn.jooraccess.com/img/uploads/accounts/598756/images/4q6Lj3umSi6b1ni5-sEpbg_1491476296696f4218a6e088_84151942_02800560XX1.jpg
Docenza (0001 0002);https://cdn.jooraccess.com/img/uploads/accounts/598756/images/292276183691c57d0884ee5_52397694_02800050XX1.jpg
Dogale        A (0986 0002);https://cdn.jooraccess.com/img/uploads/accounts/598756/images/0e5e02e9-a1bd-47f8-963b-3247cdd9d527.jpg
Dogale        A (0748 0002);https://cdn.jooraccess.com/img/uploads/accounts/598756/images/ex-MP1qyQl6oSK2kIZo-eA_543245397696f421b627be3_10487741_02800600XX1.jpg
Dogale        A (2707 0002);https://cdn.jooraccess.com/img/uploads/accounts/598756/images/dcd5e2b1-7b87-4deb-bd7b-701b63c94c14.jpg
Dogale        A (1570 0002);https://cdn.jooraccess.com/img/uploads/accounts/598756/images/IINlE6mgS0Wg355XJPopFw_846407964696f421c341480_96718568_02800610XX1.jpg
Dogale        A (0101 0002);https://cdn.jooraccess.com/img/uploads/accounts/598756/images/2902f3a9-1c56-40a3-bc25-94ca3e663b85.jpg
Fabula (0101);https://cdn.jooraccess.com/img/uploads/accounts/598756/images/1793823539691c5782a10598_51289165_02780010XX1.jpg
Fanny (3372);https://cdn.jooraccess.com/img/uploads/accounts/598756/images/871464939692424c95958b1_55824848_02781050XX1.jpg
Fenice        B (2226);https://cdn.jooraccess.com/img/uploads/accounts/598756/images/548516493692424c9b2f596_35398249_02781060XX1.jpg
Festone (0733);https://cdn.jooraccess.com/img/uploads/accounts/598756/images/FESTONE_73300000000.jpg
Festone (0101);https://cdn.jooraccess.com/img/uploads/accounts/598756/images/128523816691c57830dca49_01467768_02780020XX1.jpg
Festone (2046);https://cdn.jooraccess.com/img/uploads/accounts/598756/images/121628858691f15615a1fa3_04898646_02780480XX1.jpg
Flacone (4575);https://cdn.jooraccess.com/img/uploads/accounts/598756/images/312601795691c578d055ad3_23883009_02780240XX1.jpg
Florina (0101);https://cdn.jooraccess.com/img/uploads/accounts/598756/images/714741276691c5789e0ccf8_89780377_02780180XX1.jpg
Fluvia (3312);https://cdn.jooraccess.com/img/uploads/accounts/598756/images/853862624692424ca18fd59_99146768_02781070XX1.jpg
Foligno (3402);https://cdn.jooraccess.com/img/uploads/accounts/598756/images/1489537710692424cad2ff96_85622943_02781090XX1.jpg
Francobollo (3372);https://cdn.jooraccess.com/img/uploads/accounts/598756/images/2132636636691f15621c8939_14393259_02780500XX1.jpg
Frascati (1227);https://cdn.jooraccess.com/img/uploads/accounts/598756/images/image-removebg-preview (7).png
Frascati (0101);https://cdn.jooraccess.com/img/uploads/accounts/598756/images/427246035692424cb341ba0_05731019_02781110XX1.jpg
Frizione (0101 0101);https://cdn.jooraccess.com/img/uploads/accounts/598756/images/268511745692424cb8df510_26251173_02781120XX1.jpg
Fulcro (4606);https://cdn.jooraccess.com/img/uploads/accounts/598756/images/2110185633692424cc20ba87_22073085_02781130XX1.jpg
Fulvia (3410);https://cdn.jooraccess.com/img/uploads/accounts/598756/images/722670603691f1561b51c63_70556303_02780490XX1.jpg
Generosita (4625);https://cdn.jooraccess.com/img/uploads/accounts/598756/images/1738526800691f159a1b8e97_99314333_02780830XX1.jpg
Geosfera (1133 1133);https://cdn.jooraccess.com/img/uploads/accounts/598756/images/2087305396692424c81fe3f5_48510708_02780640XX12.jpg
Gervaso (4622);https://cdn.jooraccess.com/img/uploads/accounts/598756/images/309593506691c57c3ec0014_79340618_02780280XX1.jpg
Gervaso (4614);https://cdn.jooraccess.com/img/uploads/accounts/598756/images/ceb2bbb3-0ee3-42ef-b61d-e401d3dd094d.jpg
Gessica (2417);https://cdn.jooraccess.com/img/uploads/accounts/598756/images/1998389269691f156719dbb0_80870080_02780590XX1.jpg
Gessica (0101);
Gessica (2015);https://cdn.jooraccess.com/img/uploads/accounts/598756/images/667837957691f15974f55b3_91866945_02780780XX1.jpg
Ghisalba (0202 0101);https://cdn.jooraccess.com/img/uploads/accounts/598756/images/517709194692424c8761803_70152623_02780770XX1.jpg
Girevole (3402);https://cdn.jooraccess.com/img/uploads/accounts/598756/images/1090627397691f1598edb408_39867978_02780800XX1.jpg
Gradualita (1037);https://cdn.jooraccess.com/img/uploads/accounts/598756/images/1631969999692424ccdec185_14314114_02781150XX1.jpg
Granulare (1281);https://cdn.jooraccess.com/img/uploads/accounts/598756/images/223995917691f1569d724c0_62116816_02780650XX1.jpg
Granulare (2015);https://cdn.jooraccess.com/img/uploads/accounts/598756/images/604043782691f1596e9bfd0_55503550_02780760XX1.jpg
Graziosa (1219 1136);https://cdn.jooraccess.com/img/uploads/accounts/598756/images/1090919112691f15a282b145_96317919_02781020XX1.jpg
Grosseto (4575);https://cdn.jooraccess.com/img/uploads/accounts/598756/images/2116079218691f15633b8343_02949261_02780520XX1.jpg
Guanina (3357);https://cdn.jooraccess.com/img/uploads/accounts/598756/images/1683745759692424cd7a4258_80276067_02781160XX1.jpg
Guanina (3312);https://cdn.jooraccess.com/img/uploads/accounts/598756/images/2031261838692424cdd10e92_93047328_02781170XX1.jpg
Iago (0101 0002);https://cdn.jooraccess.com/img/uploads/accounts/598756/images/1EgYMmsHR8CKCf21XFRf_w_1188776956696f421ee36d12_22232479_02800640XX1.jpg
Iago (2240 0002);https://cdn.jooraccess.com/img/uploads/accounts/598756/images/pPKAJyd4QEmcmVBttAaFpw_1733856224696f421e02ec19_56647549_02800630XX1.jpg
Idasola (3407 0101 0002);https://cdn.jooraccess.com/img/uploads/accounts/598756/images/idasola.png
Iglesias      B (1284 0002);https://cdn.jooraccess.com/img/uploads/accounts/598756/images/1284.png
Iglesias      B (0068 0019);https://cdn.jooraccess.com/img/uploads/accounts/598756/images/0068.png
Iglesias      B (0101 0002);https://cdn.jooraccess.com/img/uploads/accounts/598756/images/0101.png
Iglesias      B (0001 0002);https://cdn.jooraccess.com/img/uploads/accounts/598756/images/001002.png
Iglesias      B (0244 0001 0001);https://cdn.jooraccess.com/img/uploads/accounts/598756/images/1244.png
Invitata      D (0001 0001);https://cdn.jooraccess.com/img/uploads/accounts/598756/images/001.png
Invitata      D (0001 0002);https://cdn.jooraccess.com/img/uploads/accounts/598756/images/oro.png
Lama (1227);https://cdn.jooraccess.com/img/uploads/accounts/598756/images/1725543108691f159f958f35_38596089_02780950XX1.jpg
Lama (0101);https://cdn.jooraccess.com/img/uploads/accounts/598756/images/170623320691c578438b564_89731091_02780050XX1.jpg
Latteria      A (0218);https://cdn.jooraccess.com/img/uploads/accounts/598756/images/1723971240691c57c79cc7c5_03631804_02780370XX1.jpg
Legale        B (0202);https://cdn.jooraccess.com/img/uploads/accounts/598756/images/LEGALE_20200000000 (1).jpg
Legale        B (0385);https://cdn.jooraccess.com/img/uploads/accounts/598756/images/1527137582692424ce337d89_79472607_02781190XX1.jpg
Leila         A (0201);https://cdn.jooraccess.com/img/uploads/accounts/598756/images/e8b6b63d-de73-4eb7-bca4-3c06a3b2d408-removebg-preview (1).png
Lezioni (0993);https://cdn.jooraccess.com/img/uploads/accounts/598756/images/1317133201692424ce8f3d76_75010145_02781210XX1.jpg
Lezioni (0101);https://cdn.jooraccess.com/img/uploads/accounts/598756/images/205334736692424cee9f311_65701167_02781220XX1.jpg
Limonaia      E (0101);https://cdn.jooraccess.com/img/uploads/accounts/598756/images/LIMONAIAC_10100000000.jpg
Lindas (0202 0202);https://cdn.jooraccess.com/img/uploads/accounts/598756/images/957906673691f15644561f7_84414523_02780530XX1.jpg
Linosa (3286);https://cdn.jooraccess.com/img/uploads/accounts/598756/images/559945947692424cf4d56c0_68733961_02781230XX1.jpg
Linosa (3352);https://cdn.jooraccess.com/img/uploads/accounts/598756/images/270961893691c578a46e800_57164892_02780190XX1.jpg
Lisella (4618);https://cdn.jooraccess.com/img/uploads/accounts/598756/images/69418737691c57c4e42b85_83034833_02780300XX1.jpg
Lisella (4614);https://cdn.jooraccess.com/img/uploads/accounts/598756/images/1485719605691c57c5803bf2_13495966_02780310XX1.jpg
Lisiana (0202 0101);https://cdn.jooraccess.com/img/uploads/accounts/598756/images/2011163024691f15627d28c4_95648135_02780510XX1.jpg
Lisio (3413);https://cdn.jooraccess.com/img/uploads/accounts/598756/images/1099214873691c57c4891d16_85297399_02780290XX1.jpg
Localita (0201);https://cdn.jooraccess.com/img/uploads/accounts/598756/images/1407561629692424cfaef943_59921062_02781240XX1.jpg
Logge         B (1133);https://cdn.jooraccess.com/img/uploads/accounts/598756/images/1660075475692424d0126fa6_77222965_02781250XX1.jpg
Loggiate (4575);https://cdn.jooraccess.com/img/uploads/accounts/598756/images/1961687562691f15665852c3_99168484_02780580XX1.jpg
Loriana (0201);https://cdn.jooraccess.com/img/uploads/accounts/598756/images/153074450692424d097e944_13615490_02781260XX1.jpg
Lotty (4625);https://cdn.jooraccess.com/img/uploads/accounts/598756/images/2060285730692424d1328345_79543508_02781270XX1.jpg
Luminaria (0216 0216);https://cdn.jooraccess.com/img/uploads/accounts/598756/images/Bo7fhDlUQQuCTRucqEiSZw_2029438175691c578c3e1388_85624184_02780230XX1.jpg
Lusia (3402 0101);https://cdn.jooraccess.com/img/uploads/accounts/598756/images/1696684085692424d22bd006_54589516_02781310XX1.jpg
Lusia (3406 1740);https://cdn.jooraccess.com/img/uploads/accounts/598756/images/1396325310692424d1b4d2c2_05847867_02781300XX1.jpg
Lusinga (0101);https://cdn.jooraccess.com/img/uploads/accounts/598756/images/2031746811691c578d9fc6d3_90162887_02780340XX1.jpg
Macadamia     O (0101);https://cdn.jooraccess.com/img/uploads/accounts/598756/images/MACADAMIAN_10100000000.jpg
Madira (2435);https://cdn.jooraccess.com/img/uploads/accounts/598756/images/696491514691f1570375713_09110086_02790160XX1.jpg
Madira (0101);https://cdn.jooraccess.com/img/uploads/accounts/598756/images/127431599691f156f750070_99744006_02790140XX1.jpg
Madira (0319);https://cdn.jooraccess.com/img/uploads/accounts/598756/images/109519432691f156fcf7e25_35913854_02790150XX1.jpg
Maggiolone (0202 0101);https://cdn.jooraccess.com/img/uploads/accounts/598756/images/459091259691c578ed8f774_10269127_02790020XX1.jpg
Maggiolone (0759);https://cdn.jooraccess.com/img/uploads/accounts/598756/images/1047676143691c5792309957_52262244_02790170XX1.jpg
Maica (2246);https://cdn.jooraccess.com/img/uploads/accounts/598756/images/1432544873691c578f43e2f2_96288006_02790030XX1.jpg
Maica (2050);https://cdn.jooraccess.com/img/uploads/accounts/598756/images/1821038196691c578fa0ed65_90113261_02790040XX1.jpg
Mamas (0101);https://cdn.jooraccess.com/img/uploads/accounts/598756/images/1764487439691f15708da0e4_68043488_02790180XX1.jpg
Manattan (2435);https://cdn.jooraccess.com/img/uploads/accounts/598756/images/2090943931691c57908cf729_82314260_02790060XX1.jpg
Manattan (0802);https://cdn.jooraccess.com/img/uploads/accounts/598756/images/2098458514691f1570e30ed4_78569431_02790190XX1.jpg
Manattan (0101);https://cdn.jooraccess.com/img/uploads/accounts/598756/images/1113894022691c57902653a4_96516385_02790050XX1.jpg
Mano          H (0202);https://cdn.jooraccess.com/img/uploads/accounts/598756/images/image (1019).png
Manos         F (2435);https://cdn.jooraccess.com/img/uploads/accounts/598756/images/314c63a1-d679-4a25-a961-3d80f833772c-removebg-preview (1).png
Manos         F (0204);https://cdn.jooraccess.com/img/uploads/accounts/598756/images/1706098854691f156c37f925_68045055_02780700XX1.jpg
Manos         F (0970);https://cdn.jooraccess.com/img/uploads/accounts/598756/images/MANOSB_223400000000 (1).jpg
Manos         F (0101);https://cdn.jooraccess.com/img/uploads/accounts/598756/images/MANOSB_10100000000 (3).jpg
Manos         F (2246);https://cdn.jooraccess.com/img/uploads/accounts/598756/images/62874749691c57928c68a3_59975180_02790240XX1.jpg
Maratea (0101);https://cdn.jooraccess.com/img/uploads/accounts/598756/images/524804418691c5792ed6758_50366749_02790260XX1.jpg
Maratea (0202);https://cdn.jooraccess.com/img/uploads/accounts/598756/images/1156454978691c57cd0e1177_35271090_02790270XX1.jpg
Marius (3358);https://cdn.jooraccess.com/img/uploads/accounts/598756/images/69169811691f15714788e7_21894967_02790280XX1.jpg
Marius (3361);https://cdn.jooraccess.com/img/uploads/accounts/598756/images/320506132691f1571a30cc0_60159399_02790290XX1.jpg
Marius (3426);https://cdn.jooraccess.com/img/uploads/accounts/598756/images/786116877691f15720adc30_09207544_02790300XX1.jpg
Mascal (0846);https://cdn.jooraccess.com/img/uploads/accounts/598756/images/148084481691c578e6c3c80_36711670_02790010XX1.jpg
Mascal (2246);https://cdn.jooraccess.com/img/uploads/accounts/598756/images/358978118691f15726496d0_52174510_02790310XX1.jpg
Mascate (0204);https://cdn.jooraccess.com/img/uploads/accounts/598756/images/251063478691f156bce6dc9_00247433_02780690XX1.jpg
Mascate (2050);https://cdn.jooraccess.com/img/uploads/accounts/598756/images/39848814691c579160a923_62691960_02790080XX1.jpg
Mascate (0759);https://cdn.jooraccess.com/img/uploads/accounts/598756/images/1136552101691c5791c992f1_52218978_02790090XX1.jpg
Masuria (2435);https://cdn.jooraccess.com/img/uploads/accounts/598756/images/1508950954691f1573279819_84632151_02790340XX1.jpg
Masuria (0101);https://cdn.jooraccess.com/img/uploads/accounts/598756/images/1598620794691f1572c6c042_61626902_02790330XX1.jpg
Meissa (2435);https://cdn.jooraccess.com/img/uploads/accounts/598756/images/167603057691f1573d6b716_18231868_02790360XX1.jpg
Meissa (0101);https://cdn.jooraccess.com/img/uploads/accounts/598756/images/311852686691f15737dbf77_23321855_02790350XX1.jpg
Meltina (2439);https://cdn.jooraccess.com/img/uploads/accounts/598756/images/1197999749691f1574dbd530_20416087_02790380XX1.jpg
Meltina (0101 2246);https://cdn.jooraccess.com/img/uploads/accounts/598756/images/1275497118691f1574379f96_26559022_02790370XX1.jpg
Menelao (0204 0101);https://cdn.jooraccess.com/img/uploads/accounts/598756/images/494185053691c57941ac2e3_15558577_02790400XX1.jpg
Menelao (0101 0202);https://cdn.jooraccess.com/img/uploads/accounts/598756/images/1906230012691c57936a4ba0_72020696_02790390XX1.jpg
Menelao (0319);https://cdn.jooraccess.com/img/uploads/accounts/598756/images/363191265691f1575414b17_64019449_02790410XX1.jpg
Menola (2246);https://cdn.jooraccess.com/img/uploads/accounts/598756/images/1815204296691f1575c6b463_06852164_02790420XX1.jpg
Merende (2234);https://cdn.jooraccess.com/img/uploads/accounts/598756/images/748832174691f157692a0b6_36843969_02790440XX1.jpg
Merende (1736);https://cdn.jooraccess.com/img/uploads/accounts/598756/images/1929290977691f15a3cde391_66200932_02790790XX1.jpg
Meritare (1550);https://cdn.jooraccess.com/img/uploads/accounts/598756/images/1588775792691f156da99291_86057950_02780740XX1.jpg
Meritare (0823);https://cdn.jooraccess.com/img/uploads/accounts/598756/images/1244194360691f156e0b6c67_05072027_02780750XX1.jpg
Meritare (0319);https://cdn.jooraccess.com/img/uploads/accounts/598756/images/fgjq8XA9RAyif0O1AdGoSQ_633554709691f156ae8bae4_59302424_02780670XX1.jpg
Messier (2439);https://cdn.jooraccess.com/img/uploads/accounts/598756/images/1009101303691c5790f2b730_18424116_02790070XX1.jpg
Messier (1936);https://cdn.jooraccess.com/img/uploads/accounts/598756/images/745495074691c5795177578_49121809_02790460XX1.jpg
Messier (1736);https://cdn.jooraccess.com/img/uploads/accounts/598756/images/601058410691c5794a8b9e5_88791406_02790450XX1.jpg
Micologia (1117 1118);https://cdn.jooraccess.com/img/uploads/accounts/598756/images/959747307691f1576f006d2_02395475_02790480XX1.jpg
Minia (1117 1118);https://cdn.jooraccess.com/img/uploads/accounts/598756/images/1302431902691f15784924a8_40669437_02790520XX1.jpg
Minuccio      A (1117);https://cdn.jooraccess.com/img/uploads/accounts/598756/images/MINUCCIO_113700000000.jpg
Minuccio      A (0101);https://cdn.jooraccess.com/img/uploads/accounts/598756/images/MINUENDOL_10100000000.jpg
Minuccio      A (0202);https://cdn.jooraccess.com/img/uploads/accounts/598756/images/MINUENDOM_20200000000.jpg
Minuccio      A (2246);https://cdn.jooraccess.com/img/uploads/accounts/598756/images/44a050a8-738e-4eee-9a3e-18fce3cbb172-removebg-preview.png
Minuccio      A (2050);https://cdn.jooraccess.com/img/uploads/accounts/598756/images/image (1016).png
Minuccio      A (0759);https://cdn.jooraccess.com/img/uploads/accounts/598756/images/image (1017).png
Mirziana (1736);https://cdn.jooraccess.com/img/uploads/accounts/598756/images/MOROLO_75900000000 (5).jpg
Mirziana (0759);https://cdn.jooraccess.com/img/uploads/accounts/598756/images/2069679827691f1578acc705_27521813_02790530XX1.jpg
Modine        B (2435);https://cdn.jooraccess.com/img/uploads/accounts/598756/images/1894289842692424e57f36f5_04380624_02790570XX1.jpg
Modine        B (0204);https://cdn.jooraccess.com/img/uploads/accounts/598756/images/463976847692424e4980af9_14113894_02790550XX1.jpg
Modine        B (0101);https://cdn.jooraccess.com/img/uploads/accounts/598756/images/MODINE_10100000000 (1).jpg
Modine        B (0202);https://cdn.jooraccess.com/img/uploads/accounts/598756/images/MODINE_20200000000.jpg
Moles (0202);https://cdn.jooraccess.com/img/uploads/accounts/598756/images/1702573811692424d34b7382_33574360_02781340XX1.jpg
Moles (1936);https://cdn.jooraccess.com/img/uploads/accounts/598756/images/1844512759692424d2892078_32836015_02781320XX1.jpg
Moles (0759);https://cdn.jooraccess.com/img/uploads/accounts/598756/images/2011465512692424d2e88a74_22193304_02781330XX1.jpg
Moralita (2234);https://cdn.jooraccess.com/img/uploads/accounts/598756/images/133445466692424e60a8ba4_47387365_02790590XX1.jpg
Moralita (2050);https://cdn.jooraccess.com/img/uploads/accounts/598756/images/439158744691f15a43fd0d7_26445537_02790800XX1.jpg
Morenita (2435);https://cdn.jooraccess.com/img/uploads/accounts/598756/images/685167938691f1579ca7f61_38779162_02790620XX1.jpg
Morenita (0101);https://cdn.jooraccess.com/img/uploads/accounts/598756/images/681152992691f1579312617_34779532_02790600XX1.jpg
Morenita (1736);https://cdn.jooraccess.com/img/uploads/accounts/598756/images/c0a6d15d-19d7-4d7e-98c4-9aa902edec8a-removebg-preview.png
Morolo (2435);https://www.luisaspagnoli.com/dw/image/v2/BFPQ_PRD/on/demandware.static/-/Sites-master-catalog/default/dwfa654b51/images/large/10731562866a1ff34bc164f4_60618504_02850140XX1.jpg?sw=500
Morolo (0101);https://cdn.jooraccess.com/img/uploads/accounts/598756/images/395382139691f157a33ff87_20039445_02790630XX1.jpg
Morolo (0759);https://cdn.jooraccess.com/img/uploads/accounts/598756/images/MOROLO_75900000000.jpg
Mossa         G (1117);https://cdn.jooraccess.com/img/uploads/accounts/598756/images/424744066692424e6cb3288_17813942_02790660XX1.jpg
Mossa         G (1196);https://cdn.jooraccess.com/img/uploads/accounts/598756/images/1521180938691c57957f00e9_43412502_02790690XX1.jpg
Mossa         G (0101);https://cdn.jooraccess.com/img/uploads/accounts/598756/images/MOSSAB_10100000000 (4).jpg
Mossa         G (0202);https://cdn.jooraccess.com/img/uploads/accounts/598756/images/MOSSAC_20200000000.jpg
Mossa         G (0319);https://cdn.jooraccess.com/img/uploads/accounts/598756/images/mossa1.PNG
Mossa         G (1936);https://cdn.jooraccess.com/img/uploads/accounts/598756/images/1502023806691c5795df5d54_53746819_02790700XX1.jpg
Mossa         G (2050);https://cdn.jooraccess.com/img/uploads/accounts/598756/images/905979432691c579646ed87_60926812_02790710XX1.jpg
Mossa         G (0759);https://cdn.jooraccess.com/img/uploads/accounts/598756/images/image (1018).png
Nabrezina (0068 0001 0002);https://cdn.jooraccess.com/img/uploads/accounts/598756/images/1988193391691c57e8db2b01_98940325_02800380XX1.jpg
Nannacara (0002);https://cdn.jooraccess.com/img/uploads/accounts/598756/images/278612871691c57d3566208_53141089_02800090XX1.jpg
Nanterre (0002 0001);https://cdn.jooraccess.com/img/uploads/accounts/598756/images/1676812417691c57e99be247_53570234_02800390XX1.jpg
Nantilde (0002);https://cdn.jooraccess.com/img/uploads/accounts/598756/images/1057559116691c57d424bd95_32384278_02800100XX1.jpg
Narsete (0002);https://cdn.jooraccess.com/img/uploads/accounts/598756/images/17819755691c57d4e4e7d2_07198257_02800110XX1.jpg
Nasso (0002);https://cdn.jooraccess.com/img/uploads/accounts/598756/images/1358178427691c57d57df644_69054109_02800120XX1.jpg
Natalidi (0002);https://cdn.jooraccess.com/img/uploads/accounts/598756/images/pfdT77bDSaCKBkskoXYauA_1462536374691c57d6248272_36732452_02800130XX1.jpg
Navali (0002);https://cdn.jooraccess.com/img/uploads/accounts/598756/images/811531311691c57d6aba2e4_67623166_02800140XX1.jpg
Navigero (0002);https://cdn.jooraccess.com/img/uploads/accounts/598756/images/1112265162691c57d765cee8_66461141_02800150XX1.jpg
Neanide (0002);https://cdn.jooraccess.com/img/uploads/accounts/598756/images/1605403396691c57d8aee920_21613301_02800170XX1.jpg
Necessario (0986 0002);https://cdn.jooraccess.com/img/uploads/accounts/598756/images/necessario 0986.png
Necessario (2203 0002);https://cdn.jooraccess.com/img/uploads/accounts/598756/images/necessario2203.png
Necessario (0101 0002);https://cdn.jooraccess.com/img/uploads/accounts/598756/images/3.png
Neirone (0002 0001);https://cdn.jooraccess.com/img/uploads/accounts/598756/images/neirone.png
Nellore (0001 0002);https://cdn.jooraccess.com/img/uploads/accounts/598756/images/950855719691c57d948ff66_11592168_02800180XX1.jpg
Nerita        C (0002);https://cdn.jooraccess.com/img/uploads/accounts/598756/images/nerita.png
Neviusia (0001 0002);https://cdn.jooraccess.com/img/uploads/accounts/598756/images/neviusia.png
Niardo (0101 0002);https://cdn.jooraccess.com/img/uploads/accounts/598756/images/1823490996691c57d9d02070_68218512_02800190XX1.jpg
Niassesi (2449 0002);https://cdn.jooraccess.com/img/uploads/accounts/598756/images/2449.png
Niassesi (0547 0002);https://cdn.jooraccess.com/img/uploads/accounts/598756/images/0547.png
Niassesi (0101 0002);https://cdn.jooraccess.com/img/uploads/accounts/598756/images/niassesi0101.png
Niassesi (2235 0002);https://cdn.jooraccess.com/img/uploads/accounts/598756/images/niassesi.png
Niassesi (1116 0002);https://cdn.jooraccess.com/img/uploads/accounts/598756/images/1116.png
Niccioleta (1120 0002);https://cdn.jooraccess.com/img/uploads/accounts/598756/images/124283544691c57dae87814_56906608_02800210XX1.jpg
Nicolet (1623 0002);https://cdn.jooraccess.com/img/uploads/accounts/598756/images/nicolet1623.png
Nicolet (0584 0002);https://cdn.jooraccess.com/img/uploads/accounts/598756/images/nicolet.png
Nipplo (0907 0001 0002);https://cdn.jooraccess.com/img/uploads/accounts/598756/images/907.png
Nipplo (0101 0001 0002);https://cdn.jooraccess.com/img/uploads/accounts/598756/images/459668523691c57dc646fd9_78381140_02800230XX1.jpg
Nipplo (0383 0001 0002);https://cdn.jooraccess.com/img/uploads/accounts/598756/images/xxx.png
Noematica (0101 0001 0002);https://cdn.jooraccess.com/img/uploads/accounts/598756/images/1249986401691c57dd23a295_46516623_02800240XX1.jpg
Nogarole (2427 0002);https://cdn.jooraccess.com/img/uploads/accounts/598756/images/nogarole1.png
Nogarole (2266 0002);https://cdn.jooraccess.com/img/uploads/accounts/598756/images/nogarole2.png
Nogarole (1709 0002);https://cdn.jooraccess.com/img/uploads/accounts/598756/images/nogarile.png
Nolanite      A (0002);https://cdn.jooraccess.com/img/uploads/accounts/598756/images/NOLANITE_200000000.jpg
Nordici (0068 0002);https://cdn.jooraccess.com/img/uploads/accounts/598756/images/nordici.png
Nordici (0001 0002);https://cdn.jooraccess.com/img/uploads/accounts/598756/images/742226436691c57dde8af58_27980488_02800250XX1.jpg
Norico (0001 0002);
Norico (0202 0001 0002);https://cdn.jooraccess.com/img/uploads/accounts/598756/images/WhatsApp Image 2026-02-13 at 11.44.51.jpeg
Norreni (0001 0002);https://cdn.jooraccess.com/img/uploads/accounts/598756/images/912272238691c57debb0715_18614146_02800260XX1.jpg
Norrisia (0068 0001 0002);
Noseanite (0001 0038);https://cdn.jooraccess.com/img/uploads/accounts/598756/images/1033240925691c57e05e84b3_07304306_02800280XX1.jpg
Notabili (1204 0001 0002);https://cdn.jooraccess.com/img/uploads/accounts/598756/images/notabili2.png
Notabili (0001 0002);https://cdn.jooraccess.com/img/uploads/accounts/598756/images/notabili1000.png
Notabili (0069 0001 0002);https://cdn.jooraccess.com/img/uploads/accounts/598756/images/Cattura (2).PNG
Notata (0001 0002);https://cdn.jooraccess.com/img/uploads/accounts/598756/images/39009263691c57e12a5db3_79649080_02800290XX1.jpg
Notazione (0068 0001 0002);https://cdn.jooraccess.com/img/uploads/accounts/598756/images/872948663691c57e1e0c368_23107522_02800300XX1.jpg
Nuttidi (2452 0101);https://cdn.jooraccess.com/img/uploads/accounts/598756/images/529561439691c57e2acebb1_24096631_02800310XX1.jpg
Occulto       C (0101);https://cdn.jooraccess.com/img/uploads/accounts/598756/images/OCCULTOB_10100000000.jpg
Occulto       C (2202);https://cdn.jooraccess.com/img/uploads/accounts/598756/images/OCCULTO_220200000000.jpg
Odini (1547);https://cdn.jooraccess.com/img/uploads/accounts/598756/images/1190273499692424d3a44493_94003181_02781350XX1.jpg
Odini (0101);
Odini (0326);https://cdn.jooraccess.com/img/uploads/accounts/598756/images/1000796252692424d4084125_63956219_02781360XX1.jpg
Olap (1119);https://cdn.jooraccess.com/img/uploads/accounts/598756/images/210533503691f15a0984590_62131782_02780970XX1.jpg
Olap (1296);https://cdn.jooraccess.com/img/uploads/accounts/598756/images/293172957691f15a1048f00_73901415_02780980XX1.jpg
Olap (1031);https://cdn.jooraccess.com/img/uploads/accounts/598756/images/601963602691f15a15f3cd2_56066529_02780990XX1.jpg
Olap (2259);https://cdn.jooraccess.com/img/uploads/accounts/598756/images/894988827691f15a03fcb79_08463233_02780960XX1.jpg
Olibis (1088);https://cdn.jooraccess.com/img/uploads/accounts/598756/images/e85a8ef9-0175-442b-b5a7-cf782a9e05a2-removebg-preview.png
Olite (1163);https://cdn.jooraccess.com/img/uploads/accounts/598756/images/1756645311691c578501f8e2_57865369_02780060XX1.jpg
Olite (2453);https://cdn.jooraccess.com/img/uploads/accounts/598756/images/1239459315692424d45defb9_58553134_02781380XX1.jpg
Olla (1248);https://cdn.jooraccess.com/img/uploads/accounts/598756/images/1890676542692424d4b4f858_36560463_02781390XX1.jpg
Olla (1073);https://cdn.jooraccess.com/img/uploads/accounts/598756/images/76c4b186-5565-4440-a457-4d0c57cfa520-removebg-preview.png
Oltenia (1222);https://cdn.jooraccess.com/img/uploads/accounts/598756/images/1010865111692424d516d4e4_32605317_02781400XX1.jpg
Onega (1204);https://cdn.jooraccess.com/img/uploads/accounts/598756/images/1917785367692424d5743365_23685218_02781410XX1.jpg
Onesta (2710);https://cdn.jooraccess.com/img/uploads/accounts/598756/images/612412840691c578b4bc602_37755049_02780210XX1.jpg
Onesta (1046);https://cdn.jooraccess.com/img/uploads/accounts/598756/images/1311942934691c57c61a1f82_64535418_02780320XX1.jpg
Onirico (1224);https://cdn.jooraccess.com/img/uploads/accounts/598756/images/186596956692424d60ac991_44172985_02781420XX1.jpg
Opaglio (0927);https://cdn.jooraccess.com/img/uploads/accounts/598756/images/2134929375692424d668cd78_06695675_02781440XX1.jpg
Oplite (1078);https://cdn.jooraccess.com/img/uploads/accounts/598756/images/257147451692424d6c23c32_02483052_02781450XX1.jpg
Optare (3326);https://cdn.jooraccess.com/img/uploads/accounts/598756/images/1697710587691f1560afa628_65630327_02780070XX1.jpg
Origgio (1227);https://cdn.jooraccess.com/img/uploads/accounts/598756/images/597341675691f15a1bcb170_07541284_02781000XX1.jpg
Ornago (2422);https://cdn.jooraccess.com/img/uploads/accounts/598756/images/1411997118692424e36bc306_32856579_02781780XX1.jpg
Ornago (1759);https://cdn.jooraccess.com/img/uploads/accounts/598756/images/85911319692424e42cbdc1_93438143_02781800XX1.jpg
Ornago (1947);https://cdn.jooraccess.com/img/uploads/accounts/598756/images/1093474942692424e3cb5b28_19412306_02781790XX1.jpg
Ortiga (3261);https://cdn.jooraccess.com/img/uploads/accounts/598756/images/84252206691c578561a766_94450101_02780080XX1.jpg
Ory (0101 0101);https://cdn.jooraccess.com/img/uploads/accounts/598756/images/1163694159692424d73708f3_17637906_02781480XX1.jpg
Ory (1133 1133);https://cdn.jooraccess.com/img/uploads/accounts/598756/images/627244568692424d7908840_65280895_02781490XX1.jpg
Osten         E (0209);https://cdn.jooraccess.com/img/uploads/accounts/598756/images/OSTENA_20200000000 (4).jpg
Osten         E (0101);https://cdn.jooraccess.com/img/uploads/accounts/598756/images/OSTENC_10100000000 (3).jpg
Ostiolo (0733);https://cdn.jooraccess.com/img/uploads/accounts/598756/images/212434150691c57c6790734_66577885_02780330XX1.jpg
Ostiolo (0101);https://cdn.jooraccess.com/img/uploads/accounts/598756/images/1281132529691c5785e00d35_92819205_02780090XX1.jpg
Ostiolo (2046);https://cdn.jooraccess.com/img/uploads/accounts/598756/images/564070198691c578643a479_28272705_02780100XX1.jpg
Ottile (3360);https://cdn.jooraccess.com/img/uploads/accounts/598756/images/1112497218692424d84a8be7_81161590_02781520XX1.jpg
Ovada (3312);https://cdn.jooraccess.com/img/uploads/accounts/598756/images/936942396691c5786a14ef5_62573932_02780110XX1.jpg
Rabarbaro (3451);https://cdn.jooraccess.com/img/uploads/accounts/598756/images/1490459213691c57e38d4fb0_94270465_02800320XX1.jpg
Remige (4647);https://cdn.jooraccess.com/img/uploads/accounts/598756/images/1029068526691c57e5810653_49303991_02800340XX1.jpg
Remige (4648);https://cdn.jooraccess.com/img/uploads/accounts/598756/images/493982930691c57e4923882_61802164_02800330XX1.jpg
Remige (4649);https://cdn.jooraccess.com/img/uploads/accounts/598756/images/remige.png
Rivolo (3278);https://cdn.jooraccess.com/img/uploads/accounts/598756/images/1314012229691c57e6740925_61753167_02800350XX1.jpg
Roaschia (3359);https://cdn.jooraccess.com/img/uploads/accounts/598756/images/roaschi.png
Sagari (3372);https://cdn.jooraccess.com/img/uploads/accounts/598756/images/586510734691f15a317bb26_78264238_02781030XX1.jpg
Salve         A (0326);https://cdn.jooraccess.com/img/uploads/accounts/598756/images/1393038525692424d90fc184_00755460_02781540XX1.jpg
Samir (0101);https://cdn.jooraccess.com/img/uploads/accounts/598756/images/2125352506691c57cc4cb114_63347318_02780450XX3.jpg
Sancire (4575);https://cdn.jooraccess.com/img/uploads/accounts/598756/images/1994942207692424d9757ad7_34222557_02781550XX1.jpg
Sarat (2710);https://cdn.jooraccess.com/img/uploads/accounts/598756/images/1220159631692424d9d05f27_96853729_02781560XX1.jpg
Sarmoneta (2445);https://cdn.jooraccess.com/img/uploads/accounts/598756/images/1368746391691f159ba2d2d8_92724591_02780870XX1.jpg
Sarmoneta (0101);https://cdn.jooraccess.com/img/uploads/accounts/598756/images/306742918691f159adb4f80_06607702_02780850XX1.jpg
Scalare (0817);https://cdn.jooraccess.com/img/uploads/accounts/598756/images/579467540691c57cb581b12_63734955_02780440XX1.jpg
Scalare (1547);https://cdn.jooraccess.com/img/uploads/accounts/598756/images/602104879691c57c9b7e6f2_63815788_02780410XX1.jpg
Scalare (1928);https://cdn.jooraccess.com/img/uploads/accounts/598756/images/891628525691c57cc7c5065_07984837_02780460XX1.jpg
Scanio (2219 0908);https://cdn.jooraccess.com/img/uploads/accounts/598756/images/1382076925692424da8dd0a9_52339721_02781580XX1.jpg
Scansione (2046);https://cdn.jooraccess.com/img/uploads/accounts/598756/images/1221525958691c57c296ff08_45494514_02780250XX1.jpg
Schedario (1163);https://cdn.jooraccess.com/img/uploads/accounts/598756/images/981465343691f1565eeadf9_14743025_02780570XX1.jpg
Schedario (2453);https://cdn.jooraccess.com/img/uploads/accounts/598756/images/1420033006692424db3acc67_50477509_02781590XX1.jpg
Scrittoio (1729 0992);https://cdn.jooraccess.com/img/uploads/accounts/598756/images/22486811691f159c0fa9a1_69307500_02780880XX1.jpg
Segnalibro (3335);https://cdn.jooraccess.com/img/uploads/accounts/598756/images/1723709550691f1567c75ea0_11725074_02780600XX1.jpg
Segreteria (1751);https://cdn.jooraccess.com/img/uploads/accounts/598756/images/1177856364692424dbb18d31_39928106_02781600XX1.jpg
Selettivo (1224);https://cdn.jooraccess.com/img/uploads/accounts/598756/images/45343318692424dc1734e9_80849161_02781610XX1.jpg
Semaforo (4575);https://cdn.jooraccess.com/img/uploads/accounts/598756/images/53771580691c578707d222_85966206_02780120XX1.jpg
Serafica (0733);https://cdn.jooraccess.com/img/uploads/accounts/598756/images/607627786691f15652daa90_90514398_02780550XX1.jpg
Serafica (0101);https://cdn.jooraccess.com/img/uploads/accounts/598756/images/838290756691f15659973f8_28663137_02780560XX1.jpg
Serafica (2046);https://cdn.jooraccess.com/img/uploads/accounts/598756/images/220670995691f1564c8d998_07274629_02780540XX1.jpg
Serenella (1547);https://cdn.jooraccess.com/img/uploads/accounts/598756/images/531490407691f1568569555_18801954_02780610XX1.jpg
Sigle (1210 0844);https://cdn.jooraccess.com/img/uploads/accounts/598756/images/1158246152691c5787c51e54_13468104_02780140XX1.jpg
Sigle (2731 1167);https://cdn.jooraccess.com/img/uploads/accounts/598756/images/1331191701691c578853baa0_07542947_02780150XX1.jpg
Silicone (1222 0952);https://cdn.jooraccess.com/img/uploads/accounts/598756/images/1910210893691f159b467e04_65329155_02780860XX1.jpg
Sognatrice (3360);https://cdn.jooraccess.com/img/uploads/accounts/598756/images/27732445692424dc720447_24216783_02781630XX1.jpg
Solarita (2226);https://cdn.jooraccess.com/img/uploads/accounts/598756/images/327739623692424dcd432e5_46742187_02781640XX1.jpg
Solarita (0101);https://cdn.jooraccess.com/img/uploads/accounts/598756/images/1355459512691f1569150990_65095974_02780630XX1.jpg
Sommaria (4606 0943);https://cdn.jooraccess.com/img/uploads/accounts/598756/images/svcK70kjTJ6nl3dBFxBhTQ_881375690691f1568ab2b44_04266070_02780620XX1.jpg
Soppalco (1153);https://cdn.jooraccess.com/img/uploads/accounts/598756/images/1488849942691c57caedbdf3_57620623_02780430XX1.jpg
Soppalco (0733);https://cdn.jooraccess.com/img/uploads/accounts/598756/images/1763425955691c57c36a48f3_35962156_02780270XX1.jpg
Spazzola (0101 0101);https://cdn.jooraccess.com/img/uploads/accounts/598756/images/460885073692424dd914fb4_68572216_02781660XX1.jpg
Spazzola (1133 1133);https://cdn.jooraccess.com/img/uploads/accounts/598756/images/427965961692424dd35b569_89036416_02781650XX1.jpg
Sportivo (2226);https://cdn.jooraccess.com/img/uploads/accounts/598756/images/2028777710691c57c6d3c711_09306569_02780350XX1.jpg
Squadratura (0101 0988);https://cdn.jooraccess.com/img/uploads/accounts/598756/images/1074652343691c5789294382_44386307_02780160XX1.jpg
Stafilo (3261);https://cdn.jooraccess.com/img/uploads/accounts/598756/images/746502062691c578981c1c3_14675480_02780170XX1.jpg
Statuaria (1227 1227);https://cdn.jooraccess.com/img/uploads/accounts/598756/images/177383321692424dde8ffc5_33514197_02781670XX1.jpg
Statuaria (0202 0202);https://cdn.jooraccess.com/img/uploads/accounts/598756/images/194907617692424de8221c7_67855153_02781680XX1.jpg
Statuetta (1291 1291);https://cdn.jooraccess.com/img/uploads/accounts/598756/images/37479405691f159c6b1639_55399273_02780890XX1.jpg
Statuetta (2418 0931);https://cdn.jooraccess.com/img/uploads/accounts/598756/images/1499307170691f159cc0a287_69513073_02780900XX1.jpg
Statuetta (0931 0931);https://cdn.jooraccess.com/img/uploads/accounts/598756/images/731338292691f15a22ad6f7_40618956_02781010XX1.jpg
Stenia (3357);https://cdn.jooraccess.com/img/uploads/accounts/598756/images/STENIA_335700000000.jpg
Stenia (3312);https://cdn.jooraccess.com/img/uploads/accounts/598756/images/STENIA_331200000000 (1).jpg
Stenografo (0101);https://cdn.jooraccess.com/img/uploads/accounts/598756/images/423075215691f159ece82c7_01062323_02780930XX1.jpg
Stenografo (2716);https://cdn.jooraccess.com/img/uploads/accounts/598756/images/1584374153691c57c8052430_51905956_02780380XX1.jpg
Stromboli (1252);https://cdn.jooraccess.com/img/uploads/accounts/598756/images/73342695692424e0ebfcb8_89693690_02781730XX1.jpg
Stromboli (2301);https://cdn.jooraccess.com/img/uploads/accounts/598756/images/126250642692424e0955b78_78856537_02781720XX1.jpg
Stromboli (0101);https://cdn.jooraccess.com/img/uploads/accounts/598756/images/2114695200692424e15335c3_18677453_02781740XX1.jpg
Strumento (1575 1575);https://cdn.jooraccess.com/img/uploads/accounts/598756/images/1565620198691f159d236851_64658413_02780910XX1.jpg
Strumento (1206 1206);https://cdn.jooraccess.com/img/uploads/accounts/598756/images/437278670691f159e0d1786_03754090_02780920XX1.jpg
Strumento (0817 1022);https://cdn.jooraccess.com/img/uploads/accounts/598756/images/144663504692424e1b33464_10342439_02781750XX1.jpg
Suggestivo (3312);https://cdn.jooraccess.com/img/uploads/accounts/598756/images/1287694275692424e30b1d31_79451638_02781770XX1.jpg
Uboldo (2218 0002);https://cdn.jooraccess.com/img/uploads/accounts/598756/images/image (1020).png
Uboldo (0971 0002);https://cdn.jooraccess.com/img/uploads/accounts/598756/images/image (1021).png
Uboldo (0752 0002);https://cdn.jooraccess.com/img/uploads/accounts/598756/images/WhatsApp_Image_2025-11-27_at_09.58.58-removebg-preview.png
Uboldo (0101 0002);https://cdn.jooraccess.com/img/uploads/accounts/598756/images/image (1022).png
Udita (0101 0101 0002);https://cdn.jooraccess.com/img/uploads/accounts/598756/images/26a004e2-2211-4fe0-8a64-48232e44c8d0-removebg-preview.png
Ullano        A (0002);https://cdn.jooraccess.com/img/uploads/accounts/598756/images/ab7471c9-c1c6-4a62-b524-62d471856f2c-removebg-preview.png
Ulrica (4575 0101 0002);https://cdn.jooraccess.com/img/uploads/accounts/598756/images/ulrica.png
Unica         A (0101 0002);https://cdn.jooraccess.com/img/uploads/accounts/598756/images/4483ad1f-c43d-46bf-b39f-94464e4f7a6e.jpg
Unica         A (0002 0002);https://cdn.jooraccess.com/img/uploads/accounts/598756/images/UNICA_200020000 (1).jpg
Uragano       A (0986);https://cdn.jooraccess.com/img/uploads/accounts/598756/images/URAGANO_98600000000.jpg
Uragano       A (0101);https://cdn.jooraccess.com/img/uploads/accounts/598756/images/URAGANO_10100000000.jpg
Uramaky (0101);https://cdn.jooraccess.com/img/uploads/accounts/598756/images/urmaky.png
Usanza        A (0986);https://cdn.jooraccess.com/img/uploads/accounts/598756/images/USANZA_98600000000.jpg
Usanza        A (0101);https://cdn.jooraccess.com/img/uploads/accounts/598756/images/USANZA_10100000000.jpg
Zagarolo (0101);https://cdn.jooraccess.com/img/uploads/accounts/598756/images/zagarolo.png
Zagarolo (0428);https://cdn.jooraccess.com/img/uploads/accounts/598756/images/1051776270692424e73558f3_18046401_02790720XX1.jpg
Zagra (3192);https://cdn.jooraccess.com/img/uploads/accounts/598756/images/1487193176691f157ae32444_54231970_02790730XX1.jpg
Zambrone (0470);https://cdn.jooraccess.com/img/uploads/accounts/598756/images/2102351462691f157b4f2435_32170440_02790740XX1.jpg
Zano (0428);https://cdn.jooraccess.com/img/uploads/accounts/598756/images/655962240692424e793fde8_95975775_02790750XX1.jpg
Zavorra       C (0101);https://cdn.jooraccess.com/img/uploads/accounts/598756/images/zavorra nero.png
Zavorra       C (0428);https://cdn.jooraccess.com/img/uploads/accounts/598756/images/ZAVORRAA_42800000000.jpg
Zenone (0428);https://cdn.jooraccess.com/img/uploads/accounts/598756/images/531120833691f156d52cfa1_12213786_02780730XX1.jpg
Zenone (0470);https://cdn.jooraccess.com/img/uploads/accounts/598756/images/1320403997692424e66c2b38_73624200_02790650XX1.jpg
Uboldo (2445 0002);https://cdn.jooraccess.com/img/uploads/accounts/598756/images/WhatsApp_Image_2025-11-27_at_09.58.57-removebg-preview.png
Urbana (0945);https://cdn.jooraccess.com/img/uploads/accounts/598756/images/6fad9f4c-eed7-4a14-b854-7f4dd409d688-removebg-preview.png
Urbana (0101);https://cdn.jooraccess.com/img/uploads/accounts/598756/images/image-removebg-preview (27).png
Ulisside (2224 0038);https://cdn.jooraccess.com/img/uploads/accounts/598756/images/WhatsApp_Image_2025-12-04_at_09.24.39_1_-removebg-preview.png
Ulisside (0101 0038);https://cdn.jooraccess.com/img/uploads/accounts/598756/images/WhatsApp_Image_2025-12-04_at_09.24.39-removebg-preview (2).png
Modine        B (2439);https://www.luisaspagnoli.com/dw/image/v2/BFPQ_PRD/on/demandware.static/-/Sites-master-catalog/default/dwb7e6b9f9/images/large/528880496a1ff922061c42_05494073_02841490XX1.jpg?sw=500
Laviano (4626);https://cdn.jooraccess.com/img/uploads/accounts/598756/images/WhatsApp Image 2025-12-05 at 10.05.45.jpeg
Stagioni (0979 0840);
Limonaia      E (0202);
Minuccio      A (2435);https://www.luisaspagnoli.com/dw/image/v2/BFPQ_PRD/on/demandware.static/-/Sites-master-catalog/default/dw5d6435ba/images/large/11159505896a1ff8f5b58b48_34195452_02841320XX1.jpg?sw=500
Origgio (0101);https://www.luisaspagnoli.com/dw/image/v2/BFPQ_PRD/on/demandware.static/-/Sites-master-catalog/default/dw7f23c875/images/large/11300896086a1ff47deb0925_96035280_02861380XX1.jpg?sw=500
Gael (4626 0202 0101);https://www.luisaspagnoli.com/dw/image/v2/BFPQ_PRD/on/demandware.static/-/Sites-master-catalog/default/dw87078c4b/images/large/13909162926a1ff3689d8183_80763105_02860310XX1.jpg?sw=500
Sarmoneta (1747);https://cdn.jooraccess.com/img/uploads/accounts/598756/images/872618733691f15a373c4f5_92660832_02781040XX1.jpg
Odini (2527);https://cdn.jooraccess.com/img/uploads/accounts/598756/images/yLie7KkdTOiiId5CrV5e2Q_857147775696f43030a14f5_50093958_02821290XX1.jpg
Odorico (3261);https://www.luisaspagnoli.com/dw/image/v2/BFPQ_PRD/on/demandware.static/-/Sites-master-catalog/default/dw3df06711/images/large/13858798126a1ff3d1df4494_54851837_02861080XX1.jpg?sw=500
Oli (1163);https://www.luisaspagnoli.com/dw/image/v2/BFPQ_PRD/on/demandware.static/-/Sites-master-catalog/default/dw982e1ede/images/large/12208786046a1ff3d7278f19_03380338_02861180XX1.jpg?sw=500
Oli (2453);https://www.luisaspagnoli.com/dw/image/v2/BFPQ_PRD/on/demandware.static/-/Sites-master-catalog/default/dw4d59caed/images/large/8507445506a1ff4f9429d25_07004880_02881050XX1.jpg?sw=500
Dogale        A (0547 0002);https://cdn.jooraccess.com/img/uploads/accounts/598756/images/xMYWhRPcRpq4pCMlHpY2NA_906833372696f421a5664d6_02821969_02800590XX1.jpg
Gigliola (3410);https://www.luisaspagnoli.com/dw/image/v2/BFPQ_PRD/on/demandware.static/-/Sites-master-catalog/default/dwfa0e8796/images/large/10268765876a1ff3aae0c7c2_61444837_02860440XX1.jpg?sw=500
Uboldo (2019 0002);
Iglesias      B (2422 0002);
Dogale        A (2203 0002);https://cdn.jooraccess.com/img/uploads/accounts/598756/images/I_kaZ8cRSrqQYHKBZoQUqw_716978165696f421d1d13f0_85163328_02800620XX1.jpg
Dolcetto      A (0101 0002);https://cdn.jooraccess.com/img/uploads/accounts/598756/images/DOLCETTO_10100020000.jpg
Ls1928gc      A (2224 0018);https://cdn.jooraccess.com/img/uploads/accounts/598756/images/LS1928GC_222400180000.jpg
Ls1928gp      A (1158 0038);https://cdn.jooraccess.com/img/uploads/accounts/598756/images/LS1928GP_115800180000.jpg
Ls1928gp      A (0101 0038);https://cdn.jooraccess.com/img/uploads/accounts/598756/images/LS1928GP_10100180000.jpg
Ls1928p       A (0101 0038);https://cdn.jooraccess.com/img/uploads/accounts/598756/images/LS1928P_10100180000 (2).jpg
Ls1928p       A (0221 0038);https://cdn.jooraccess.com/img/uploads/accounts/598756/images/LS1928P_22100380000.jpg
Ls1928p       A (2234 0038);https://cdn.jooraccess.com/img/uploads/accounts/598756/images/LS1928P_223400380000.jpg
Xariel        A (0347 0002);https://cdn.jooraccess.com/img/uploads/accounts/598756/images/WhatsApp Image 2025-12-12 at 10.48.28.jpeg
Xariel        A (3307 0002);https://cdn.jooraccess.com/img/uploads/accounts/598756/images/WhatsApp Image 2025-12-10 at 14.20.26 (2).jpeg
Xnina         A (0101 0002);https://cdn.jooraccess.com/img/uploads/accounts/598756/images/WhatsApp Image 2025-12-10 at 14.20.26 (1).jpeg
Xnina         A (3248 0002);https://cdn.jooraccess.com/img/uploads/accounts/598756/images/WhatsApp Image 2025-12-12 at 10.52.59.jpeg
Nuvolento     A (0002);
Napoca        A (0101 0002);
Drill         G (2228 0002);
Dogale        A (2211 0002);
Necessario (2211 0002);
Nudita        A (0002);
Niardo (0101 0095);
Appretto (1193);https://cdn.jooraccess.com/img/uploads/accounts/598756/images/image (1012).png
Appretto (1277);https://cdn.jooraccess.com/img/uploads/accounts/598756/images/image (1013).png
Alloggio (1121);https://cdn.jooraccess.com/img/uploads/accounts/598756/images/079616cb-006d-40cb-928a-17bda263d0a4.jpg
Amandola (3275);https://cdn.jooraccess.com/img/uploads/accounts/598756/images/image (992).png
Amatrice (0201);https://cdn.jooraccess.com/img/uploads/accounts/598756/images/image (997).png
Amatrice (0101);https://cdn.jooraccess.com/img/uploads/accounts/598756/images/image (1007).png
Arturo (4523);https://cdn.jooraccess.com/img/uploads/accounts/598756/images/image (977).png
Bagatella (3314);https://cdn.jooraccess.com/img/uploads/accounts/598756/images/image (998).png
Basilare (1121);https://cdn.jooraccess.com/img/uploads/accounts/598756/images/image (981).png
Benestare (0101);https://cdn.jooraccess.com/img/uploads/accounts/598756/images/image (1006).png
Bergamina (0202);https://cdn.jooraccess.com/img/uploads/accounts/598756/images/image (985).png
Berlinetta (0405);https://cdn.jooraccess.com/img/uploads/accounts/598756/images/image (1005).png
Bibiano (3275);https://cdn.jooraccess.com/img/uploads/accounts/598756/images/image (993).png
Biconica (0201);https://cdn.jooraccess.com/img/uploads/accounts/598756/images/image (979).png
Blenda (3070 3189);https://cdn.jooraccess.com/img/uploads/accounts/598756/images/image (994).png
Brassica (4523);https://cdn.jooraccess.com/img/uploads/accounts/598756/images/image (976).png
Bresciana (0201);https://cdn.jooraccess.com/img/uploads/accounts/598756/images/image (990).png
Brial (3311);https://cdn.jooraccess.com/img/uploads/accounts/598756/images/image (1000).png
Brunita (1102);https://cdn.jooraccess.com/img/uploads/accounts/598756/images/image (1008).png
Brunita (0405);https://cdn.jooraccess.com/img/uploads/accounts/598756/images/image (1002).png
Brunita (0202);
Cablia (0201 3434);https://cdn.jooraccess.com/img/uploads/accounts/598756/images/WhatsApp Image 2025-09-28 at 15.34.48.jpeg
Calonica (0201 3192);https://cdn.jooraccess.com/img/uploads/accounts/598756/images/WhatsApp Image 2025-09-28 at 15.17.10.jpeg
Calonica (0101 0205);https://cdn.jooraccess.com/img/uploads/accounts/598756/images/WhatsApp Image 2025-09-28 at 16.15.14.jpeg
Canoniche (0201 3192);https://cdn.jooraccess.com/img/uploads/accounts/598756/images/028_LS_ss26_Runway_2x3.jpg
Casolare (2202);https://cdn.jooraccess.com/img/uploads/accounts/598756/images/WhatsApp Image 2025-09-28 at 15.33.22.jpeg
Categoria (2813);https://cdn.jooraccess.com/img/uploads/accounts/598756/images/019_LS_ss26_Runway_2x3.jpg
Categoria (0101);https://cdn.jooraccess.com/img/uploads/accounts/598756/images/012_LS_ss26_Runway_2x3.jpg
Cavaliere (0201);https://cdn.jooraccess.com/img/uploads/accounts/598756/images/image (988).png
Cavaliere (0101);https://cdn.jooraccess.com/img/uploads/accounts/598756/images/17789b81-978f-4691-ba7a-dfd1b90db457.jpg
Celzio (0201);https://cdn.jooraccess.com/img/uploads/accounts/598756/images/58492827-b308-47b9-a787-d5faa095d262.jpg
Celzio (0205);https://cdn.jooraccess.com/img/uploads/accounts/598756/images/image (1010).png
Celzio (0101);https://cdn.jooraccess.com/img/uploads/accounts/598756/images/36b93f62-4fdd-46f2-881d-800f2d8b7c3d.jpg
Centratura (0205);https://cdn.jooraccess.com/img/uploads/accounts/598756/images/image (1009).png
Cestina (2202);https://cdn.jooraccess.com/img/uploads/accounts/598756/images/WhatsApp Image 2025-09-28 at 15.26.24.jpeg
Chat (0205);https://cdn.jooraccess.com/img/uploads/accounts/598756/images/52726ff2-6516-400c-84d1-a8ed27108eac.jpg
Chat (0101);https://cdn.jooraccess.com/img/uploads/accounts/598756/images/8e8e8096-6ae5-481e-a88e-558075791364.jpg
Chat (2202);https://cdn.jooraccess.com/img/uploads/accounts/598756/images/a8c27139-0019-4561-9c00-493dbffcfa13.jpg
Cifre (0101 0205);https://cdn.jooraccess.com/img/uploads/accounts/598756/images/WhatsApp Image 2025-09-28 at 15.30.35.jpeg
Civitanova (2514 0201);https://cdn.jooraccess.com/img/uploads/accounts/598756/images/004_LS_ss26_Runway_Press.jpg
Civitanova (3434 0201);https://cdn.jooraccess.com/img/uploads/accounts/598756/images/029_LS_ss26_Runway_2x3.jpg
Classifica (0408);https://cdn.jooraccess.com/img/uploads/accounts/598756/images/006_LS_ss26_Runway_2x3.jpg
Commissario (2202);https://cdn.jooraccess.com/img/uploads/accounts/598756/images/76a0244d-d1ea-4ce3-adf3-4f77506858b0.jpg
Domiziana (1197);https://cdn.jooraccess.com/img/uploads/accounts/598756/images/8d40c9d2-c009-4681-9a93-27f71bb40d49.jpg
Domiziana (0101);https://cdn.jooraccess.com/img/uploads/accounts/598756/images/image (975).png
Ili (0034 0018);https://cdn.jooraccess.com/img/uploads/accounts/598756/images/140b15d9-862d-41c4-a9c8-dfa958d6d5c4.jpg
Ili (1197 0018);https://cdn.jooraccess.com/img/uploads/accounts/598756/images/6e02e42e-1268-4d78-99a5-fcb3e9ddc2f5.jpg
Ili (0101 0018);https://cdn.jooraccess.com/img/uploads/accounts/598756/images/dfb219df-1bdc-4914-b5ca-df19c0bcf821.jpg
Neurina (0001 0002);https://cdn.jooraccess.com/img/uploads/accounts/598756/images/99164294-9047-4ee1-a0f4-6614d354bf73.jpg
Nolles (0001 0002);https://cdn.jooraccess.com/img/uploads/accounts/598756/images/52515615-0147-4274-a5c6-9afeb351d62e.jpg
Notaro (0002);https://cdn.jooraccess.com/img/uploads/accounts/598756/images/9692e7ae-3480-4af3-8f3a-99a4710807d3.jpg
Nur (0002);https://cdn.jooraccess.com/img/uploads/accounts/598756/images/90f82805-fb1a-4fab-8f6d-b0cb286b3488.jpg
Paciere (0389);https://cdn.jooraccess.com/img/uploads/accounts/598756/images/043_LS_ss26_Runway_2x3.jpg
Palena (1102);https://cdn.jooraccess.com/img/uploads/accounts/598756/images/047_LS_ss26_Runway_2x3.jpg
Palesare (2619);https://cdn.jooraccess.com/img/uploads/accounts/598756/images/042_LS_ss26_Runway_2x3.jpg
Perula (3275);https://cdn.jooraccess.com/img/uploads/accounts/598756/images/003_LS_ss26_Runway_Press.jpg
Piaggia (2717);https://cdn.jooraccess.com/img/uploads/accounts/598756/images/048_LS_ss26_Runway_2x3.jpg
Piera (1121);https://cdn.jooraccess.com/img/uploads/accounts/598756/images/007_LS_ss26_Runway_2x3.jpg
Pinzetta (4523);https://cdn.jooraccess.com/img/uploads/accounts/598756/images/005_LS_ss26_Runway_2x3.jpg
Plenaria (3189 3070);https://cdn.jooraccess.com/img/uploads/accounts/598756/images/025_LS_ss26_Runway_2x3.jpg
Tedofora (3314);https://cdn.jooraccess.com/img/uploads/accounts/598756/images/image (999).png
Telecamera (0405);https://cdn.jooraccess.com/img/uploads/accounts/598756/images/image (1003).png
Terris (3311);https://cdn.jooraccess.com/img/uploads/accounts/598756/images/image (1001).png
Tesa (0201);https://cdn.jooraccess.com/img/uploads/accounts/598756/images/image (982).png
Tiana (3189 3070);https://cdn.jooraccess.com/img/uploads/accounts/598756/images/image (995).png
Tornello (0201);https://cdn.jooraccess.com/img/uploads/accounts/598756/images/image (984).png
Viadana (1121);https://cdn.jooraccess.com/img/uploads/accounts/598756/images/e3d9bc5d-ee94-42c3-bdf1-2df77054b195.jpg
Vilmars (1121);https://cdn.jooraccess.com/img/uploads/accounts/598756/images/image (983).png
Vitullia (1121);https://cdn.jooraccess.com/img/uploads/accounts/598756/images/image (974).png
Zeda (3434);https://cdn.jooraccess.com/img/uploads/accounts/598756/images/WhatsApp Image 2025-09-28 at 15.31.38.jpeg
Zefiro (3434);https://cdn.jooraccess.com/img/uploads/accounts/598756/images/033_LS_ss26_Runway_2x3.jpg
Zilla (3434);https://cdn.jooraccess.com/img/uploads/accounts/598756/images/WhatsApp Image 2025-09-28 at 15.29.10.jpeg
Torre (4523);https://cdn.jooraccess.com/img/uploads/accounts/598756/images/image (987).png
Trionfo (1121 0201);https://cdn.jooraccess.com/img/uploads/accounts/598756/images/image (980).png
Udinese (1197);https://cdn.jooraccess.com/img/uploads/accounts/598756/images/54df8ffd-9674-446a-a8d2-74d8c462a79e.jpg
Udinese (0101);https://cdn.jooraccess.com/img/uploads/accounts/598756/images/8e564653-1cca-45a2-bb73-6ec6f83bc6ae.jpg
Ullano (0002);https://cdn.jooraccess.com/img/uploads/accounts/598756/images/972c9baa-88b3-46d0-92cd-edf61317bed0.jpg
Ullano (2223);https://cdn.jooraccess.com/img/uploads/accounts/598756/images/9b9aa4a6-e549-4bf8-a048-304d42bb8226-removebg-preview.png
Ulten (0002);https://cdn.jooraccess.com/img/uploads/accounts/598756/images/f0eb9743-d073-48a6-9f34-baf5a93ff356.jpg
Ulten (2223);https://cdn.jooraccess.com/img/uploads/accounts/598756/images/09afabdb-626e-4d5b-a2a7-9bf80598b5d4-removebg-preview.png
Comuni (0101 0205);https://cdn.jooraccess.com/img/uploads/accounts/598756/images/88b961f5-2208-4044-9cb2-c9426e16830d.jpg
Bonito (0201);https://cdn.jooraccess.com/img/uploads/accounts/598756/images/image (996).png
Uberto (0101);https://cdn.jooraccess.com/img/uploads/accounts/598756/images/eca68474-66d2-486f-87aa-200d0f91f4a0.jpg
Uberto (1197);https://cdn.jooraccess.com/img/uploads/accounts/598756/images/7783b2d5-8279-4d78-8c6e-15e8ec5333b8.jpg
Ilarita (0201 0002);https://cdn.jooraccess.com/img/uploads/accounts/598756/images/WhatsApp Image 2025-07-17 at 10.40.23.jpeg
Berlinetta (0101);
Paciere (0101);https://www.luisaspagnoli.com/dw/image/v2/BFPQ_PRD/on/demandware.static/-/Sites-master-catalog/default/dwf797702c/images/large/15510556886930301f815514_61352064_02712710XX1.jpg?sw=500
Calama (1138);https://www.luisaspagnoli.com/dw/image/v2/BFPQ_PRD/on/demandware.static/-/Sites-master-catalog/default/dwa32b4dbb/images/large/16356886436964b663b716f5_66952801.jpg?sw=500
Calonica (2807 0205);https://www.luisaspagnoli.com/dw/image/v2/BFPQ_PRD/on/demandware.static/-/Sites-master-catalog/default/dwa79fc319/images/large/172767983369650c5ed76144_37591704.jpg?sw=500
Canoniche (2807 0205);https://www.luisaspagnoli.com/dw/image/v2/BFPQ_PRD/on/demandware.static/-/Sites-master-catalog/default/dwb173cdf9/images/large/305708180696512caa734f6_06902141.jpg?sw=500
Calonica (2807 0202);https://cdn.jooraccess.com/img/uploads/accounts/598756/images/addf10da-6d90-49f2-b966-de86b3a994a5.jpg
Canoniche (2807 0202);https://cdn.jooraccess.com/img/uploads/accounts/598756/images/024_LS_ss26_Runway_2x3.jpg
